chr1	100307997	T	C
chr1	101117683	A	T
chr1	102027485	C	G
chr1	102068228	T	C
chr1	103127473	G	A
chr1	10338656	C	T
chr1	104798242	C	T
chr1	105091813	G	A
chr1	105489233	A	C
chr1	105492747	T	C
chr1	105691504	G	A
chr1	106308348	G	A
chr1	106406768	A	G
chr1	107871808	G	A
chr1	108495294	G	C
chr1	108534240	C	G
chr1	109109897	G	A
chr1	109715949	G	A
chr1	111283880	C	A
chr1	111602424	G	C
chr1	111869947	G	T
chr1	112989873	C	T
chr1	113131442	G	C
chr1	11465638	G	T
chr1	114856588	G	-
chr1	115841576	T	G
chr1	116082870	C	A
chr1	116271471	C	T
chr1	116381885	G	A
chr1	116425410	G	A
chr1	116631441	C	A
chr1	117694822	G	A
chr1	118017008	-	T
chr1	118388360	A	T
chr1	119147338	-	A
chr1	11917627	-	A
chr1	119208588	A	G
chr1	120364652	A	T
chr1	120641524	A	G
chr1	121090826	T	C
chr1	121416265	G	C
chr1	12560245	A	G
chr1	12618242	C	-
chr1	14036823	G	C
chr1	142620309	T	A
chr1	143261042	G	A
chr1	143518223	A	C
chr1	144813528	T	C
chr1	144922170	C	T
chr1	146729967	T	C
chr1	147798597	C	A
chr1	1483732	T	C
chr1	149223905	A	C
chr1	149720497	C	T
chr1	152068455	C	A
chr1	152222879	T	A
chr1	152486251	T	A
chr1	15284970	T	A
chr1	153486496	G	T
chr1	154295077	G	A
chr1	15595317	T	C
chr1	156484317	C	G
chr1	156623301	C	T
chr1	156680311	A	G
chr1	157050015	T	A
chr1	157133632	G	A
chr1	158602072	A	-
chr1	158876540	C	T
chr1	163522677	A	C
chr1	163822695	G	C
chr1	165499565	A	G
chr1	166379431	C	T
chr1	166962735	A	G
chr1	167644875	C	T
chr1	168135796	G	C
chr1	168642339	C	T
chr1	16922348	A	C
chr1	169463498	C	T
chr1	17016084	C	T
chr1	170719186	G	C
chr1	170736363	T	A
chr1	171075406	A	T
chr1	17233276	T	C
chr1	173319293	A	G
chr1	174482432	T	C
chr1	175505443	G	A
chr1	175680015	C	G
chr1	175869553	A	C
chr1	176374051	C	G
chr1	176748190	T	C
chr1	177210199	C	T
chr1	177288334	T	A
chr1	17795582	G	A
chr1	181368343	T	A
chr1	181513866	A	G
chr1	18212703	A	C
chr1	1828848	C	T
chr1	182926921	A	C
chr1	18368461	A	G
chr1	184160476	G	A
chr1	184302355	A	G
chr1	184333880	C	T
chr1	185077563	A	T
chr1	185724842	G	C
chr1	186684874	A	G
chr1	186987452	-	A
chr1	187074843	C	A
chr1	187209951	A	C
chr1	187663893	G	A
chr1	188953273	G	T
chr1	189480878	C	G
chr1	189613409	A	G
chr1	191368197	T	C
chr1	192415317	G	A
chr1	192567295	C	T
chr1	193523238	A	T
chr1	194159832	G	T
chr1	194241922	T	A
chr1	194260276	G	A
chr1	194343384	T	C
chr1	194557897	-	A
chr1	194762252	C	T
chr1	194764934	T	C
chr1	195838615	T	C
chr1	196813668	T	-
chr1	196888798	A	C
chr1	198383450	A	C
chr1	198478143	C	T
chr1	199747875	C	A
chr1	199760992	T	-
chr1	200423840	A	C
chr1	200472494	A	C
chr1	202870329	C	T
chr1	203871715	G	C
chr1	204057120	A	G
chr1	204097502	G	-
chr1	20443152	G	A
chr1	204884870	G	A
chr1	205073564	C	T
chr1	207889483	T	G
chr1	208541133	C	A
chr1	210644352	T	C
chr1	211378745	A	-
chr1	211708057	C	T
chr1	211816904	C	T
chr1	212146753	T	A
chr1	215391560	T	A
chr1	216038555	G	A
chr1	216295581	G	A
chr1	216631874	A	C
chr1	216879358	G	A
chr1	21803176	A	G
chr1	219333681	G	T
chr1	220522927	G	A
chr1	221431334	G	A
chr1	221755684	A	G
chr1	221893645	T	G
chr1	222589590	G	A
chr1	22326694	G	A
chr1	223656990	A	G
chr1	224027622	T	C
chr1	225321458	T	C
chr1	226293147	A	G
chr1	226960024	T	A
chr1	227627515	-	A
chr1	227719074	G	C
chr1	228076140	T	C
chr1	22822950	G	T
chr1	229468985	T	C
chr1	229955035	G	C
chr1	231141308	C	T
chr1	231505472	T	C
chr1	233218183	T	C
chr1	233468949	A	G
chr1	233535755	A	G
chr1	233691237	G	A
chr1	233872570	-	A
chr1	234140325	-	C
chr1	234177523	A	C
chr1	234355979	G	A
chr1	234513511	C	G
chr1	234737130	C	A
chr1	23481075	C	G
chr1	234963406	G	A
chr1	235092942	T	A
chr1	235559663	T	C
chr1	235961874	T	C
chr1	237082405	A	G
chr1	237125045	G	C
chr1	2374791	T	A
chr1	237723827	T	A
chr1	237788785	G	A
chr1	238742213	A	G
chr1	239464659	G	C
chr1	240032374	G	A
chr1	240165666	G	A
chr1	240683271	C	A
chr1	240786834	G	C
chr1	241634904	G	A
chr1	241747908	T	-
chr1	242155131	G	A
chr1	242332050	G	A
chr1	24253320	C	G
chr1	243030289	T	C
chr1	243507092	T	C
chr1	244518908	C	T
chr1	244713844	G	T
chr1	244798147	A	G
chr1	245207841	G	A
chr1	245400249	G	A
chr1	245461758	A	G
chr1	245794197	T	G
chr1	245808257	A	G
chr1	246246894	A	C
chr1	246358916	A	G
chr1	246835792	G	A
chr1	246964298	C	T
chr1	247318486	C	T
chr1	24759212	G	T
chr1	247939447	A	G
chr1	247964351	T	C
chr1	24802971	A	G
chr1	248142610	T	C
chr1	24825965	A	G
chr1	248456862	C	T
chr1	249154026	A	-
chr1	25472537	G	A
chr1	2551659	T	G
chr1	26309699	A	G
chr1	2631370	C	T
chr1	27143574	T	C
chr1	27686946	A	C
chr1	28552216	T	-
chr1	30182457	G	C
chr1	3019519	C	A
chr1	30330672	C	T
chr1	30424144	G	T
chr1	30627131	T	C
chr1	31564903	A	-
chr1	33030766	A	G
chr1	33246439	T	A
chr1	34372891	T	A
chr1	34441125	G	T
chr1	3481183	G	A
chr1	35173701	T	A
chr1	35352148	C	T
chr1	35699250	C	T
chr1	36676113	A	T
chr1	36685106	C	T
chr1	4032083	G	A
chr1	41819242	C	G
chr1	4243249	T	G
chr1	4410210	C	G
chr1	44522582	G	A
chr1	45500402	T	C
chr1	4642265	G	A
chr1	46673219	T	C
chr1	46728912	A	G
chr1	47965812	C	T
chr1	47998257	C	G
chr1	48031273	C	G
chr1	48061717	G	C
chr1	48622274	C	G
chr1	49035399	G	A
chr1	49917083	C	T
chr1	50709909	G	A
chr1	5143847	G	C
chr1	5189105	A	G
chr1	52023701	T	C
chr1	52364979	G	-
chr1	52369889	C	T
chr1	52893594	C	A
chr1	53345980	C	T
chr1	53752675	G	A
chr1	53840244	C	T
chr1	5503528	T	G
chr1	55173429	G	C
chr1	55241429	G	A
chr1	5525446	A	G
chr1	56330732	T	C
chr1	56617793	G	A
chr1	56631442	G	T
chr1	5697886	A	G
chr1	57771898	C	A
chr1	58197055	T	C
chr1	58551886	G	A
chr1	58703185	G	A
chr1	59535811	G	A
chr1	59870001	C	T
chr1	60571016	C	G
chr1	60590959	G	A
chr1	61874101	C	T
chr1	62004055	C	T
chr1	62181462	G	C
chr1	62462660	G	A
chr1	64353997	A	T
chr1	64425458	C	G
chr1	64800347	T	C
chr1	65484104	T	A
chr1	66958182	T	A
chr1	67223763	G	C
chr1	68051226	C	T
chr1	68617663	T	G
chr1	69953607	A	T
chr1	70354948	T	C
chr1	71111455	C	A
chr1	71296268	T	C
chr1	71473790	T	C
chr1	71718230	G	A
chr1	72477915	T	A
chr1	74530966	T	C
chr1	75018420	T	C
chr1	75019273	T	C
chr1	75405260	A	G
chr1	75772224	T	A
chr1	76527363	C	G
chr1	76617323	C	T
chr1	7670573	C	A
chr1	76896454	G	A
chr1	78963436	G	C
chr1	80066472	T	C
chr1	80167851	C	G
chr1	80557899	C	T
chr1	80857573	A	C
chr1	81395148	T	C
chr1	82006652	C	T
chr1	82777260	G	A
chr1	83055879	A	-
chr1	83818773	C	T
chr1	8401618	-	A
chr1	84282736	C	T
chr1	84731897	G	A
chr1	85082659	A	C
chr1	86231034	-	T
chr1	8710954	-	A
chr1	87233087	T	C
chr1	87811105	-	A
chr1	87844419	A	G
chr1	88220810	C	-
chr1	88491285	A	G
chr1	89173117	A	T
chr1	89371615	T	C
chr1	89592900	G	A
chr1	90482802	A	G
chr1	91007819	C	T
chr1	92127483	G	A
chr1	92235806	G	A
chr1	92264004	A	G
chr1	93055202	G	A
chr1	93173209	T	C
chr1	93231551	T	A
chr1	93676477	A	C
chr1	9407477	T	-
chr1	9471709	C	T
chr1	96909451	G	A
chr1	97889977	-	A
chr1	9885561	G	A
chr1	99040303	G	C
chr10	100154544	G	A
chr10	100267866	A	C
chr10	101605549	G	C
chr10	101753209	A	G
chr10	102039262	G	A
chr10	102059040	A	G
chr10	102297390	G	C
chr10	102445511	T	C
chr10	102562847	T	G
chr10	10256535	C	A
chr10	103131639	G	A
chr10	103958650	T	C
chr10	10414193	C	A
chr10	104727540	G	A
chr10	107417568	G	A
chr10	107908038	C	A
chr10	109746101	G	T
chr10	110146556	T	-
chr10	110288753	C	T
chr10	11071984	G	C
chr10	110818824	C	T
chr10	110847862	C	T
chr10	111068845	C	T
chr10	111593502	C	T
chr10	113171937	T	C
chr10	113498105	G	T
chr10	113573628	G	A
chr10	113580710	G	T
chr10	113589674	C	A
chr10	113701662	C	A
chr10	113884250	G	C
chr10	114128813	A	G
chr10	11445184	C	T
chr10	116043121	A	C
chr10	116165247	A	C
chr10	116272228	A	G
chr10	117342970	G	T
chr10	117352960	T	A
chr10	117496121	T	C
chr10	118253482	T	C
chr10	118405379	C	T
chr10	118981939	T	-
chr10	119067924	G	C
chr10	119348457	G	A
chr10	119436943	T	C
chr10	120761997	C	T
chr10	120962185	G	A
chr10	123206416	T	C
chr10	123914024	A	G
chr10	125021977	T	C
chr10	125155405	G	A
chr10	125593258	T	G
chr10	12658566	G	A
chr10	127059852	C	T
chr10	127576419	C	A
chr10	127733795	A	G
chr10	128110456	G	A
chr10	129141050	G	-
chr10	12922923	C	T
chr10	129352671	C	T
chr10	129512914	T	C
chr10	130127249	-	A
chr10	130343883	T	C
chr10	130658628	G	A
chr10	131412461	A	T
chr10	131810656	T	C
chr10	132353170	C	G
chr10	13266013	G	C
chr10	132814852	G	A
chr10	133082601	A	T
chr10	133558164	C	T
chr10	133758261	A	G
chr10	134183397	G	C
chr10	13503499	C	T
chr10	14311081	T	C
chr10	14802934	C	T
chr10	14841025	C	T
chr10	1531941	A	T
chr10	15786852	G	A
chr10	16485698	G	T
chr10	16864809	C	T
chr10	16997790	C	A
chr10	17159922	G	A
chr10	17605292	C	G
chr10	18749741	G	A
chr10	18877156	G	A
chr10	2025645	G	C
chr10	2031529	G	A
chr10	20782875	T	-
chr10	21027041	A	G
chr10	21032226	A	C
chr10	21132586	A	C
chr10	21167372	A	G
chr10	21548100	C	T
chr10	2246786	G	A
chr10	23559897	T	C
chr10	23845827	T	G
chr10	25201584	G	A
chr10	25223555	C	A
chr10	25718032	G	A
chr10	25819227	C	T
chr10	25823597	G	A
chr10	26164211	G	A
chr10	2647496	A	T
chr10	26718461	G	A
chr10	26788543	T	C
chr10	26877588	T	A
chr10	26969275	T	A
chr10	26988566	A	G
chr10	29379934	G	-
chr10	30363527	G	A
chr10	3091465	G	A
chr10	32081644	G	C
chr10	32469582	T	A
chr10	32563621	C	T
chr10	34264281	A	T
chr10	34299737	A	-
chr10	34509214	G	A
chr10	34678931	T	C
chr10	36512450	T	C
chr10	38972797	C	T
chr10	4040840	C	T
chr10	42503755	A	T
chr10	42970970	T	G
chr10	43248257	T	C
chr10	43329037	G	A
chr10	43523415	A	T
chr10	4365793	C	G
chr10	44225886	T	C
chr10	44383341	G	A
chr10	45374496	G	T
chr10	45417679	T	C
chr10	45704035	G	A
chr10	4741420	C	A
chr10	4831870	T	C
chr10	49956534	T	C
chr10	50343106	A	T
chr10	50532811	A	G
chr10	50990039	G	T
chr10	5102976	T	G
chr10	51818356	A	G
chr10	52011085	C	A
chr10	52114973	C	G
chr10	53207633	T	C
chr10	54566920	A	G
chr10	55132012	C	T
chr10	56088165	G	T
chr10	57067560	A	G
chr10	57953003	T	C
chr10	58363805	G	T
chr10	58559610	G	A
chr10	58953299	T	A
chr10	59057162	-	A
chr10	5927436	G	A
chr10	59405184	T	C
chr10	59526909	C	T
chr10	59939595	G	T
chr10	59941478	C	-
chr10	60075244	C	T
chr10	60177496	T	C
chr10	60662680	T	C
chr10	60717042	C	A
chr10	61500252	G	A
chr10	61507514	C	T
chr10	62252153	G	C
chr10	62448566	A	G
chr10	63018900	G	A
chr10	63651970	A	G
chr10	64114024	G	A
chr10	6454019	A	T
chr10	64712707	A	G
chr10	64858624	C	G
chr10	65327229	G	A
chr10	65702597	A	T
chr10	6713114	T	C
chr10	67329167	C	T
chr10	67664184	G	T
chr10	68164226	T	C
chr10	68499824	T	C
chr10	68782894	A	C
chr10	68851845	-	A
chr10	68937399	T	C
chr10	69103000	G	A
chr10	6942011	C	G
chr10	69442750	C	T
chr10	70299595	G	A
chr10	70373718	T	A
chr10	7048135	G	A
chr10	70800691	C	A
chr10	7100956	G	C
chr10	71146344	C	T
chr10	73337285	G	A
chr10	73802874	T	C
chr10	73955546	G	A
chr10	74712080	T	C
chr10	7518410	G	A
chr10	75241417	C	A
chr10	75430873	C	T
chr10	7614808	C	T
chr10	7623898	C	T
chr10	77496746	G	A
chr10	78321767	A	G
chr10	78790860	A	G
chr10	78935170	C	A
chr10	79153774	C	T
chr10	80018355	T	C
chr10	80206717	A	T
chr10	81085578	C	G
chr10	81460673	C	T
chr10	81721206	-	A
chr10	81807277	G	A
chr10	82372611	A	G
chr10	82412447	A	G
chr10	82640615	T	C
chr10	82722123	C	T
chr10	83156577	-	T
chr10	83236304	G	C
chr10	83400261	A	G
chr10	83809691	G	A
chr10	83839892	G	T
chr10	83963805	T	-
chr10	83999663	A	C
chr10	84084068	C	T
chr10	85201458	T	A
chr10	8588366	C	T
chr10	86487149	C	A
chr10	86734177	A	G
chr10	86887766	G	A
chr10	87405867	A	T
chr10	87916431	C	T
chr10	88202816	C	G
chr10	89478515	C	T
chr10	90131169	C	T
chr10	92432589	C	T
chr10	94715148	A	G
chr10	95222062	G	A
chr10	96587255	G	A
chr10	96787858	T	C
chr10	97244142	G	A
chr10	97697290	T	-
chr10	98029833	T	C
chr10	98162701	G	A
chr10	98263544	G	C
chr10	99258518	C	G
chr10	99379735	A	G
chr11	100379577	C	T
chr11	101234258	C	T
chr11	102427017	C	T
chr11	102805936	G	A
chr11	103298938	G	C
chr11	103302134	G	C
chr11	103400304	C	A
chr11	103800964	C	G
chr11	103807469	T	C
chr11	105320618	C	T
chr11	106289938	G	A
chr11	10664670	T	A
chr11	106987831	C	T
chr11	107493786	G	C
chr11	107906265	C	G
chr11	108246565	G	C
chr11	108521750	C	T
chr11	108715903	C	T
chr11	109507837	T	A
chr11	110723503	G	A
chr11	110890362	C	T
chr11	111082893	T	C
chr11	112798669	C	T
chr11	113290698	T	A
chr11	113362375	C	T
chr11	113471984	G	A
chr11	114357647	A	G
chr11	115491644	C	T
chr11	116241125	G	T
chr11	11740016	C	T
chr11	117939412	G	A
chr11	11802592	C	T
chr11	118700556	A	C
chr11	119731209	C	T
chr11	119731344	T	G
chr11	120297594	T	C
chr11	120707382	G	A
chr11	1213532	C	T
chr11	121539945	T	C
chr11	121934844	G	A
chr11	122414325	T	A
chr11	122580937	G	T
chr11	122747880	-	T
chr11	12376151	T	C
chr11	123777985	T	C
chr11	124654485	G	A
chr11	125140513	A	G
chr11	125437405	C	T
chr11	125688336	G	A
chr11	125714284	A	C
chr11	126130231	C	T
chr11	12624127	C	A
chr11	126486695	T	C
chr11	126536142	T	C
chr11	126965994	C	T
chr11	127323972	T	C
chr11	127620853	-	T
chr11	127913740	A	C
chr11	128464238	C	A
chr11	128868248	T	G
chr11	131002234	C	T
chr11	131038454	T	A
chr11	131485709	C	G
chr11	1315292	C	T
chr11	132177319	G	C
chr11	132241090	G	A
chr11	133761714	G	C
chr11	134141534	C	T
chr11	134574484	T	C
chr11	134737490	T	C
chr11	13892347	G	A
chr11	1561226	A	G
chr11	17787172	G	C
chr11	17999192	A	G
chr11	18744162	G	T
chr11	18864991	G	T
chr11	19017310	-	T
chr11	19024250	T	A
chr11	19162640	G	A
chr11	20366250	A	G
chr11	21468086	A	G
chr11	21774715	G	A
chr11	21861611	T	C
chr11	2319354	C	T
chr11	23378315	C	T
chr11	24581906	C	T
chr11	25021762	A	C
chr11	25063236	G	C
chr11	25602612	G	A
chr11	25902658	G	A
chr11	26003047	G	A
chr11	26174304	C	T
chr11	27887421	G	A
chr11	32201016	G	A
chr11	33677052	A	C
chr11	33679048	A	-
chr11	33927568	G	A
chr11	34928625	G	C
chr11	35566880	C	A
chr11	35965487	C	A
chr11	36879516	G	A
chr11	38129552	C	-
chr11	39240180	G	A
chr11	39245165	A	G
chr11	39833588	T	C
chr11	41057055	G	T
chr11	41073639	G	C
chr11	41371127	C	T
chr11	4190055	G	A
chr11	42642566	C	T
chr11	42686555	A	T
chr11	4291621	A	C
chr11	43379505	C	T
chr11	43459709	A	G
chr11	43519121	C	G
chr11	44016980	G	A
chr11	44042552	G	A
chr11	44090560	A	G
chr11	44643448	C	T
chr11	4529764	T	C
chr11	45845566	C	T
chr11	45867159	T	A
chr11	4597698	A	T
chr11	4652332	A	-
chr11	46607953	A	T
chr11	47354067	G	C
chr11	47452025	C	-
chr11	48212261	C	G
chr11	48353499	T	C
chr11	48354644	G	A
chr11	48679604	C	T
chr11	48784473	T	G
chr11	49024190	C	T
chr11	49175347	T	A
chr11	50135124	A	G
chr11	50190167	C	T
chr11	51468845	C	T
chr11	51576600	A	T
chr11	5401396	G	A
chr11	55237408	T	A
chr11	55664893	T	G
chr11	55866772	C	T
chr11	56006815	G	A
chr11	58131292	C	-
chr11	58933755	G	-
chr11	5939190	A	C
chr11	61834878	G	C
chr11	62918345	-	T
chr11	62925322	A	C
chr11	63543844	A	G
chr11	6449145	G	A
chr11	65475188	C	A
chr11	66844531	G	A
chr11	67084760	C	T
chr11	67433420	G	A
chr11	67544578	-	A
chr11	69707025	A	G
chr11	71155128	G	A
chr11	71204627	A	-
chr11	71360445	G	A
chr11	7301603	G	A
chr11	73283940	T	A
chr11	73417513	G	A
chr11	73609081	G	T
chr11	73935613	C	-
chr11	74190503	C	T
chr11	74207868	-	C
chr11	75281608	C	G
chr11	7583922	C	T
chr11	76323313	C	T
chr11	76443282	C	T
chr11	76555118	G	A
chr11	77148364	T	C
chr11	7788578	G	A
chr11	78882938	C	T
chr11	79946018	T	C
chr11	80297986	C	A
chr11	81105583	G	C
chr11	81393405	C	T
chr11	82984984	T	A
chr11	83638389	A	C
chr11	83815262	T	C
chr11	86440679	C	T
chr11	86496802	-	A
chr11	88139524	C	A
chr11	88219305	C	G
chr11	88891022	A	T
chr11	90538875	A	C
chr11	91075368	C	G
chr11	91272416	C	A
chr11	91756697	T	C
chr11	91766181	A	G
chr11	91771441	C	A
chr11	91848826	T	C
chr11	92350937	G	A
chr11	92353822	A	G
chr11	93029836	C	T
chr11	93052264	G	T
chr11	94863488	-	T
chr11	95105762	C	A
chr11	9609036	G	A
chr11	97946734	G	T
chr11	98084889	T	A
chr11	99539438	C	T
chr11	99828796	T	C
chr12	100773168	G	A
chr12	102088537	-	T
chr12	102409063	G	A
chr12	103051884	A	G
chr12	103497664	G	A
chr12	103542026	C	T
chr12	104063902	C	T
chr12	104112017	C	T
chr12	104812183	G	A
chr12	105054604	C	G
chr12	105328283	A	-
chr12	105338809	G	A
chr12	106207004	G	A
chr12	10630921	G	A
chr12	106726526	T	C
chr12	107656232	C	T
chr12	108716206	C	G
chr12	109055372	-	A
chr12	111269472	C	T
chr12	11248140	C	A
chr12	11263111	A	C
chr12	112877303	G	A
chr12	112982242	A	G
chr12	113348869	G	A
chr12	113350574	T	G
chr12	114588277	C	A
chr12	11486364	C	G
chr12	115000554	C	T
chr12	116013463	C	T
chr12	116694218	G	A
chr12	117098814	T	C
chr12	117404504	G	A
chr12	119029787	A	C
chr12	12004515	T	C
chr12	120252274	C	T
chr12	120484184	C	G
chr12	121297858	C	T
chr12	121466079	A	G
chr12	122075663	A	G
chr12	122235047	A	G
chr12	122644940	C	G
chr12	123297222	G	C
chr12	123697006	C	A
chr12	12372786	G	A
chr12	123763498	C	T
chr12	123828555	C	T
chr12	123875310	C	T
chr12	123914891	G	C
chr12	123992278	G	C
chr12	124097765	A	G
chr12	124684996	C	T
chr12	125186109	A	T
chr12	125767234	G	A
chr12	126588944	C	T
chr12	126890155	-	T
chr12	127569188	C	G
chr12	128298646	-	A
chr12	128811323	G	A
chr12	129259809	A	C
chr12	129511609	G	T
chr12	129707853	C	T
chr12	129928940	-	C
chr12	130198671	G	C
chr12	130872620	G	A
chr12	130979256	C	G
chr12	131211217	G	A
chr12	131677583	T	A
chr12	132482290	G	A
chr12	132642363	C	T
chr12	133099412	G	C
chr12	133155024	C	T
chr12	133705799	A	G
chr12	14015110	T	C
chr12	14164576	C	G
chr12	15406227	T	A
chr12	15480618	G	A
chr12	17445565	T	-
chr12	18541574	C	T
chr12	18770576	A	G
chr12	19539039	G	A
chr12	2033990	T	A
chr12	20741621	C	G
chr12	21214850	A	G
chr12	21329995	A	T
chr12	2163273	G	A
chr12	21714822	G	A
chr12	22298937	G	A
chr12	22912345	T	C
chr12	22940977	G	C
chr12	23444858	A	C
chr12	23780743	T	C
chr12	24288152	T	C
chr12	24460633	T	C
chr12	26937748	C	-
chr12	275269	C	G
chr12	27705193	G	A
chr12	27812360	T	C
chr12	27958809	C	T
chr12	28261944	A	C
chr12	29292513	C	A
chr12	29549357	G	T
chr12	29753425	C	T
chr12	30665263	T	C
chr12	31422466	A	G
chr12	31481296	G	C
chr12	31612501	G	A
chr12	32158964	C	T
chr12	32706315	C	T
chr12	33260794	A	G
chr12	33295267	G	A
chr12	33381198	G	A
chr12	34115321	G	A
chr12	38443708	A	T
chr12	38480279	C	T
chr12	38784548	C	T
chr12	39395127	C	T
chr12	39967133	G	A
chr12	40887773	T	A
chr12	41019281	G	A
chr12	41904885	A	T
chr12	42121545	C	T
chr12	42457171	C	T
chr12	43351337	A	G
chr12	44143691	A	G
chr12	44663513	G	A
chr12	45479077	A	C
chr12	47231280	A	G
chr12	47257831	G	A
chr12	48238220	G	T
chr12	48267176	G	T
chr12	49080889	T	C
chr12	49563265	A	G
chr12	49676009	T	C
chr12	5062478	G	A
chr12	50767229	C	A
chr12	51573438	A	G
chr12	51687522	G	A
chr12	52946542	C	T
chr12	53135759	G	T
chr12	53254516	A	G
chr12	5400918	G	A
chr12	54319002	T	C
chr12	54761916	C	A
chr12	55208359	C	T
chr12	55895936	T	C
chr12	55956728	A	T
chr12	56358900	G	-
chr12	59459678	C	T
chr12	60272045	A	-
chr12	60379198	G	T
chr12	60381917	G	A
chr12	60997925	A	G
chr12	61012728	C	T
chr12	61403077	T	C
chr12	61599222	C	T
chr12	61688038	G	A
chr12	61698529	T	C
chr12	62126515	G	T
chr12	62195847	A	G
chr12	63552970	G	A
chr12	63767880	T	C
chr12	64279302	C	G
chr12	64467017	A	G
chr12	64517426	T	G
chr12	64921534	T	C
chr12	65264924	A	C
chr12	65592247	T	A
chr12	65759242	G	A
chr12	65909994	A	T
chr12	65938147	C	T
chr12	66016858	-	G
chr12	66954069	A	G
chr12	67317522	C	G
chr12	67414903	C	T
chr12	68622257	C	T
chr12	68642832	C	A
chr12	6927145	A	G
chr12	6949876	A	G
chr12	69783296	C	T
chr12	69800575	G	A
chr12	7171606	G	T
chr12	72599866	T	-
chr12	7291851	G	C
chr12	73859008	T	A
chr12	74040592	T	C
chr12	75593187	A	C
chr12	76699960	G	T
chr12	79037663	T	G
chr12	8474181	G	C
chr12	8515147	A	G
chr12	85358523	C	A
chr12	85430526	-	T
chr12	86482134	A	C
chr12	86982066	T	C
chr12	8710796	A	G
chr12	87360639	T	A
chr12	88267408	C	T
chr12	90218728	T	-
chr12	90771021	T	C
chr12	91249548	A	G
chr12	91737224	A	G
chr12	9321776	T	A
chr12	93665613	G	A
chr12	94458037	A	T
chr12	95249994	C	T
chr12	95768056	T	C
chr12	9603708	G	C
chr12	96226403	G	A
chr12	96228255	G	T
chr12	97465868	A	G
chr12	97479547	T	G
chr12	99026696	C	T
chr12	99617089	G	C
chr13	100129710	T	C
chr13	100294006	A	C
chr13	101332957	T	G
chr13	102123922	A	G
chr13	102323786	G	T
chr13	102510061	T	A
chr13	102782562	T	C
chr13	104034781	G	C
chr13	104131816	C	T
chr13	105520218	T	C
chr13	105727547	C	T
chr13	105753336	C	G
chr13	106357916	C	T
chr13	106475325	A	G
chr13	106581547	G	T
chr13	106941416	G	A
chr13	107103579	T	C
chr13	107372889	-	T
chr13	107517621	G	A
chr13	108502629	-	A
chr13	108738663	A	G
chr13	109118031	T	C
chr13	109562933	G	A
chr13	110377840	C	T
chr13	110785053	G	C
chr13	111101930	C	T
chr13	111159431	G	A
chr13	111510608	T	C
chr13	111871417	T	G
chr13	113573729	G	A
chr13	114071713	T	A
chr13	114314039	G	A
chr13	114563077	C	A
chr13	19367200	C	T
chr13	19409452	T	C
chr13	19863985	C	G
chr13	19885589	C	T
chr13	20846452	A	G
chr13	21525747	A	T
chr13	21910585	A	T
chr13	22555511	C	T
chr13	22949944	A	-
chr13	22959990	C	T
chr13	22990676	T	C
chr13	23476309	C	A
chr13	23761670	G	A
chr13	23823151	C	A
chr13	24063855	C	T
chr13	24527726	T	G
chr13	26048523	C	T
chr13	26230532	T	C
chr13	26356960	C	A
chr13	26443736	A	G
chr13	26516202	T	A
chr13	28434129	C	T
chr13	28452956	-	G
chr13	28940887	G	A
chr13	29611178	T	C
chr13	29725657	C	G
chr13	30902150	-	A
chr13	31637598	C	A
chr13	33338359	T	G
chr13	33957726	-	A
chr13	34469745	A	G
chr13	35368560	T	C
chr13	35833019	C	T
chr13	36099203	A	C
chr13	36147468	A	G
chr13	36802025	T	C
chr13	37438200	A	C
chr13	37528200	-	A
chr13	38601934	T	-
chr13	39171625	-	A
chr13	39475711	A	T
chr13	40038762	A	G
chr13	40924527	C	T
chr13	41005300	C	A
chr13	41434762	C	T
chr13	42937436	T	A
chr13	43592447	T	C
chr13	43592662	A	G
chr13	43692581	C	T
chr13	43891880	C	T
chr13	43984788	T	C
chr13	44586601	-	C
chr13	46343228	G	A
chr13	47134073	A	G
chr13	47240866	A	G
chr13	47241531	T	C
chr13	47589810	C	G
chr13	48466270	C	T
chr13	48691091	G	C
chr13	48756112	T	C
chr13	51068475	T	A
chr13	51556270	T	C
chr13	52560057	T	C
chr13	53327384	C	T
chr13	54033912	C	T
chr13	54148574	C	T
chr13	55039783	T	G
chr13	55553857	T	A
chr13	56440765	T	A
chr13	59959844	T	C
chr13	61799526	C	T
chr13	63699256	A	-
chr13	64003354	T	G
chr13	64475993	G	A
chr13	64480406	G	C
chr13	64615256	T	C
chr13	64926779	C	T
chr13	65346614	T	C
chr13	68008178	T	A
chr13	69613932	A	T
chr13	69679707	C	A
chr13	69764237	A	C
chr13	69936333	T	C
chr13	70865023	A	G
chr13	71018457	C	T
chr13	72096703	A	T
chr13	72800039	T	A
chr13	73685693	G	C
chr13	73790558	-	A
chr13	73962539	T	C
chr13	75490499	T	C
chr13	75553908	T	C
chr13	76011445	G	T
chr13	76209159	-	T
chr13	76234224	G	T
chr13	76375316	G	A
chr13	76568517	C	A
chr13	79658925	T	A
chr13	79676855	-	A
chr13	79822994	T	C
chr13	80755106	G	A
chr13	80769007	T	C
chr13	81522103	C	G
chr13	81612428	T	A
chr13	81842088	T	-
chr13	82536827	G	C
chr13	83684948	T	G
chr13	83733188	A	T
chr13	84054927	C	T
chr13	85199095	A	G
chr13	85370200	C	A
chr13	85859226	T	G
chr13	85939346	G	T
chr13	86438974	G	A
chr13	88791348	G	A
chr13	91243249	T	-
chr13	92012368	A	T
chr13	92472407	A	T
chr13	92604040	G	A
chr13	93237245	T	C
chr13	94191285	C	T
chr13	95269540	T	C
chr13	95854776	C	T
chr13	96466500	G	A
chr13	96961391	G	A
chr13	97361170	G	A
chr13	98149149	C	T
chr13	99538376	A	G
chr13	99752795	A	G
chr14	100754489	C	T
chr14	100788013	A	C
chr14	101036457	C	A
chr14	101225316	C	T
chr14	101548471	T	C
chr14	101646748	G	A
chr14	102280448	A	G
chr14	103783787	G	A
chr14	104455384	G	A
chr14	104647940	G	A
chr14	106015728	G	A
chr14	106450938	A	G
chr14	106512019	A	T
chr14	107100954	T	G
chr14	19769604	A	T
chr14	20417652	G	T
chr14	20509517	T	C
chr14	21739651	A	G
chr14	21785296	-	A
chr14	22043610	G	C
chr14	22136413	C	T
chr14	22417971	A	C
chr14	22759551	T	C
chr14	22875501	G	A
chr14	23177271	A	T
chr14	23572250	T	C
chr14	23933012	C	T
chr14	24513018	G	A
chr14	24717449	T	C
chr14	26737577	C	T
chr14	28993234	A	G
chr14	30841856	C	T
chr14	32402205	C	A
chr14	32412927	A	G
chr14	32557039	T	A
chr14	33627066	G	T
chr14	34585230	T	C
chr14	34828416	T	C
chr14	34842402	G	C
chr14	35525532	G	A
chr14	35775560	A	C
chr14	35810083	A	G
chr14	38131494	A	G
chr14	38375408	C	T
chr14	40282612	G	A
chr14	40428707	T	A
chr14	40790810	T	C
chr14	41019981	C	A
chr14	42009265	C	T
chr14	42144449	C	G
chr14	42694265	G	A
chr14	43264069	T	C
chr14	43614855	A	G
chr14	43656616	G	A
chr14	45010350	A	T
chr14	45405445	C	A
chr14	45650157	A	G
chr14	46358107	G	C
chr14	46732759	A	G
chr14	47852106	T	C
chr14	48755708	T	A
chr14	49241096	T	C
chr14	49247220	C	T
chr14	51951877	C	T
chr14	52155996	C	G
chr14	52416411	G	A
chr14	53477961	G	A
chr14	53774989	A	T
chr14	54978037	T	A
chr14	55167710	A	T
chr14	56276559	A	G
chr14	56286356	G	A
chr14	56350583	A	G
chr14	56451821	G	A
chr14	58329020	A	G
chr14	58424869	G	A
chr14	59815633	T	C
chr14	60974986	A	T
chr14	61998787	C	A
chr14	62174685	G	C
chr14	62640950	C	T
chr14	62980628	A	G
chr14	64071636	A	G
chr14	68030157	T	-
chr14	69062322	G	C
chr14	69590651	T	C
chr14	70048648	A	G
chr14	71049818	G	A
chr14	71583225	-	A
chr14	72420419	-	T
chr14	74139551	G	A
chr14	74609019	T	A
chr14	75374517	A	G
chr14	75784754	T	A
chr14	75795498	C	T
chr14	75827673	T	G
chr14	75862042	C	T
chr14	76613272	A	G
chr14	76909250	G	C
chr14	78249869	T	C
chr14	78619252	G	A
chr14	79273971	A	G
chr14	79394647	-	T
chr14	80572616	C	A
chr14	81278043	T	A
chr14	81376721	G	A
chr14	82852945	C	T
chr14	83841724	C	G
chr14	84362727	T	C
chr14	85021941	G	C
chr14	85258380	C	T
chr14	86150955	A	G
chr14	86201703	G	A
chr14	86348813	G	A
chr14	86644141	G	-
chr14	86791069	T	C
chr14	87641980	A	T
chr14	87863531	C	-
chr14	87863908	T	G
chr14	87891358	A	C
chr14	88388460	G	A
chr14	88587166	T	C
chr14	90048855	C	A
chr14	90303275	T	C
chr14	91241819	T	C
chr14	91449924	A	C
chr14	91779341	T	C
chr14	92797703	T	C
chr14	93903628	T	C
chr14	94291254	C	T
chr14	94313358	C	A
chr14	94333933	T	C
chr14	94409302	T	C
chr14	94581721	G	A
chr14	94601908	A	C
chr14	94644429	A	G
chr14	94857945	G	C
chr14	95166436	A	G
chr14	95401138	T	C
chr14	95810335	C	T
chr14	95847416	C	G
chr14	98288592	A	C
chr14	99146737	T	C
chr14	99225939	C	T
chr14	99866318	C	T
chr15	100550098	G	C
chr15	100850321	G	C
chr15	102302808	A	C
chr15	22088336	C	A
chr15	22344569	T	C
chr15	22433823	C	G
chr15	22542615	G	A
chr15	22930601	A	G
chr15	23164143	G	A
chr15	23629207	A	G
chr15	24187529	C	T
chr15	24342949	C	T
chr15	24385234	C	T
chr15	24411979	A	C
chr15	24458574	G	A
chr15	24483317	T	-
chr15	24608759	G	T
chr15	24691812	G	A
chr15	24963449	C	T
chr15	24969459	A	G
chr15	26343276	C	T
chr15	26395179	A	G
chr15	26464680	C	A
chr15	26650939	C	T
chr15	27475663	T	-
chr15	27661730	G	A
chr15	27814852	T	C
chr15	29005900	T	A
chr15	29880792	G	A
chr15	30282928	C	T
chr15	31705398	A	C
chr15	31894596	A	G
chr15	34193629	T	A
chr15	34380216	A	-
chr15	35189449	A	C
chr15	35272698	G	A
chr15	36517319	G	A
chr15	37030344	C	T
chr15	37562810	A	C
chr15	38947761	C	T
chr15	39070125	G	T
chr15	40269332	T	C
chr15	41906327	C	T
chr15	42625337	C	A
chr15	43021985	G	A
chr15	43796246	C	T
chr15	44588435	A	C
chr15	44598173	G	A
chr15	44808077	A	G
chr15	46342198	T	A
chr15	46696578	C	T
chr15	46726474	T	G
chr15	47348647	G	A
chr15	48327739	G	A
chr15	48431481	T	C
chr15	49137178	A	G
chr15	49312323	A	G
chr15	49748319	A	C
chr15	50449212	G	A
chr15	52769393	T	C
chr15	53295247	C	A
chr15	53428075	T	C
chr15	55410273	C	T
chr15	55679930	C	G
chr15	55742901	C	T
chr15	55810113	C	T
chr15	55954093	A	-
chr15	55976959	C	T
chr15	56759940	C	A
chr15	57621324	C	G
chr15	57679020	A	T
chr15	58345666	T	C
chr15	59109065	C	G
chr15	59160187	A	G
chr15	59801621	C	T
chr15	60317544	A	G
chr15	60431855	C	A
chr15	60908306	T	C
chr15	62474379	A	G
chr15	63132567	G	A
chr15	64294591	C	T
chr15	64596517	G	C
chr15	65518442	C	T
chr15	65521154	G	A
chr15	66269051	A	G
chr15	66427277	A	C
chr15	68212271	-	T
chr15	68307969	A	G
chr15	68522442	G	A
chr15	69251126	A	T
chr15	69721368	C	-
chr15	70215304	G	T
chr15	70364340	G	C
chr15	70496181	C	T
chr15	71742405	C	A
chr15	74319969	A	G
chr15	74755038	T	A
chr15	76541100	C	T
chr15	77369945	T	C
chr15	77858618	A	C
chr15	81066539	A	T
chr15	81093887	G	A
chr15	81416813	T	-
chr15	81575417	G	T
chr15	81774376	T	C
chr15	83221049	-	T
chr15	86749011	T	C
chr15	87477869	A	C
chr15	88331208	C	T
chr15	88501878	A	T
chr15	88705144	C	T
chr15	89266552	G	A
chr15	89512108	G	T
chr15	91632041	G	A
chr15	92304158	-	G
chr15	92879186	A	G
chr15	93483108	G	A
chr15	93563660	G	C
chr15	94025587	G	A
chr15	94820986	C	A
chr15	96118887	C	T
chr15	96741619	A	G
chr15	96847300	C	T
chr15	97543164	A	C
chr15	97924857	A	G
chr15	98183991	T	C
chr15	98232636	C	T
chr15	98537669	C	A
chr15	98550716	A	C
chr15	99406244	G	T
chr16	10206001	C	A
chr16	10337875	C	A
chr16	11849921	G	T
chr16	12296368	T	C
chr16	12533736	C	A
chr16	12658619	T	C
chr16	12740879	C	A
chr16	13001976	G	A
chr16	13583476	A	G
chr16	13877960	C	T
chr16	14280240	T	G
chr16	14404320	T	G
chr16	15483158	T	C
chr16	15836136	T	A
chr16	15909472	A	G
chr16	16138085	C	T
chr16	16729930	C	T
chr16	17494536	T	G
chr16	17704386	A	G
chr16	18138264	T	C
chr16	1963084	G	A
chr16	2036936	G	C
chr16	21052000	T	G
chr16	21346312	G	A
chr16	25348151	C	T
chr16	25875373	C	T
chr16	26692823	G	C
chr16	28398811	G	A
chr16	29255736	A	C
chr16	29568154	C	T
chr16	30833895	G	A
chr16	31476185	C	G
chr16	31663821	T	C
chr16	34642375	G	A
chr16	353456	C	T
chr16	48192446	G	T
chr16	48898830	G	A
chr16	49165087	C	T
chr16	50694746	T	G
chr16	51422685	C	A
chr16	5149084	T	C
chr16	52087555	C	T
chr16	53221969	T	G
chr16	53875269	-	A
chr16	53954772	-	G
chr16	54596412	G	C
chr16	5486297	C	T
chr16	5496529	G	C
chr16	5517570	T	A
chr16	56693575	A	T
chr16	57105725	A	G
chr16	57647543	G	A
chr16	60010541	C	T
chr16	60047716	C	A
chr16	6094040	G	A
chr16	61120035	T	C
chr16	61247917	T	G
chr16	6223438	T	C
chr16	62295795	G	A
chr16	62626346	T	A
chr16	63120247	A	G
chr16	6344144	T	-
chr16	6429608	A	T
chr16	64587632	C	G
chr16	6482186	C	G
chr16	6487167	G	A
chr16	65721151	A	G
chr16	65963150	A	T
chr16	66638244	G	A
chr16	69048260	A	-
chr16	69115847	A	T
chr16	70409395	C	G
chr16	70924266	C	A
chr16	70958864	A	C
chr16	71310187	T	A
chr16	71731486	T	C
chr16	7181671	G	C
chr16	7244093	C	T
chr16	7244440	C	T
chr16	74560401	G	C
chr16	75611959	T	C
chr16	75929828	A	G
chr16	76817788	T	G
chr16	76873780	G	A
chr16	77584734	C	A
chr16	77627784	C	G
chr16	78046517	T	A
chr16	78357112	C	T
chr16	7851785	G	C
chr16	7899760	C	T
chr16	79002159	C	G
chr16	79010001	C	T
chr16	7954384	G	A
chr16	80036147	A	G
chr16	8048083	G	A
chr16	80587255	T	A
chr16	80665391	T	C
chr16	80708276	C	T
chr16	81277783	G	A
chr16	81302090	C	T
chr16	81887902	A	C
chr16	81959263	G	A
chr16	82106322	G	A
chr16	82629132	C	A
chr16	83314481	C	T
chr16	83491551	G	A
chr16	83832921	A	C
chr16	8395260	G	T
chr16	84547483	G	A
chr16	84836090	C	T
chr16	84980320	C	T
chr16	85201959	T	C
chr16	85292417	T	C
chr16	85408588	G	A
chr16	85756827	T	C
chr16	85985770	C	T
chr16	86596584	A	G
chr16	87500638	-	A
chr16	87677430	G	A
chr16	87787451	A	G
chr16	88113115	G	A
chr16	88663250	A	G
chr16	88803135	G	A
chr16	88889799	G	A
chr16	88986588	G	T
chr16	9097772	A	G
chr16	9137257	A	G
chr16	9586678	A	G
chr16	9873611	G	C
chr16	9991761	G	T
chr17	1095352	G	T
chr17	11099739	A	G
chr17	11343395	T	A
chr17	11974544	C	T
chr17	12282720	T	C
chr17	12562244	T	C
chr17	13100012	A	G
chr17	13239963	C	A
chr17	13610576	T	C
chr17	13783914	T	C
chr17	13791680	C	T
chr17	14970304	G	A
chr17	15402287	C	T
chr17	15431206	T	A
chr17	15605696	T	C
chr17	16771939	G	A
chr17	16842312	A	C
chr17	1718124	A	G
chr17	17891030	C	T
chr17	18064315	C	T
chr17	19487078	T	A
chr17	21260328	T	C
chr17	22027683	G	C
chr17	2392405	-	T
chr17	2508982	C	G
chr17	25460283	G	A
chr17	26868527	-	T
chr17	27492632	T	C
chr17	27763371	G	A
chr17	28369547	G	T
chr17	28708720	T	C
chr17	28774295	A	G
chr17	28935644	G	A
chr17	29079180	G	A
chr17	29187030	C	T
chr17	29797673	C	G
chr17	29811286	T	C
chr17	29831857	T	G
chr17	29856566	T	A
chr17	2999144	G	T
chr17	31521445	G	A
chr17	31556517	C	G
chr17	32153884	G	A
chr17	32963399	G	C
chr17	33613929	-	A
chr17	33740793	G	A
chr17	34765368	G	A
chr17	38963541	G	A
chr17	40070815	T	C
chr17	40270237	G	C
chr17	42059248	T	-
chr17	42420675	C	A
chr17	42520477	A	G
chr17	43097511	C	T
chr17	4397240	C	T
chr17	44040520	C	G
chr17	44080725	C	G
chr17	44301465	T	C
chr17	45140600	A	C
chr17	46735821	T	A
chr17	46822399	T	C
chr17	46897745	G	A
chr17	48607613	G	A
chr17	48990309	T	C
chr17	49833709	G	C
chr17	49875857	A	C
chr17	49877895	T	C
chr17	51186017	T	A
chr17	51897156	G	A
chr17	52654757	T	C
chr17	52762982	G	A
chr17	52771930	C	T
chr17	5324892	A	C
chr17	53964556	A	G
chr17	54126162	G	A
chr17	55821001	G	C
chr17	55864051	C	T
chr17	56005991	T	A
chr17	56250059	A	G
chr17	58537910	C	T
chr17	58754396	C	T
chr17	59673779	A	G
chr17	60457460	C	G
chr17	61636708	C	T
chr17	62474783	A	G
chr17	62680552	T	C
chr17	6382868	G	T
chr17	64515082	C	T
chr17	64806715	C	A
chr17	64913698	A	C
chr17	652263	G	C
chr17	65521204	A	C
chr17	65997316	G	C
chr17	66135109	G	A
chr17	66226251	C	T
chr17	67343081	G	C
chr17	68404048	C	A
chr17	68700802	A	G
chr17	68925871	T	C
chr17	6973207	A	G
chr17	70031324	A	G
chr17	70073174	A	T
chr17	70299446	A	G
chr17	70689777	C	T
chr17	71295408	A	T
chr17	71604323	A	G
chr17	72535715	C	T
chr17	72597916	C	T
chr17	73079547	A	T
chr17	74677728	G	C
chr17	74952038	G	A
chr17	74968382	C	T
chr17	75348917	T	A
chr17	7545186	C	A
chr17	75673567	C	T
chr17	77930262	G	C
chr17	78176043	C	T
chr17	78269967	C	A
chr17	79630806	C	-
chr17	80565040	G	A
chr17	80795883	C	A
chr17	80849462	C	T
chr17	80962887	C	T
chr17	8119625	G	T
chr17	81922	G	A
chr17	8306561	C	G
chr17	8474517	A	C
chr17	886597	C	T
chr17	8896950	-	A
chr17	9750750	A	T
chr17	9794250	G	A
chr17_ctg5_hap1	1640978	A	G
chr18	10169229	C	T
chr18	10605480	A	C
chr18	10849511	C	T
chr18	11476399	T	-
chr18	11545098	C	T
chr18	12088689	G	A
chr18	12887131	C	T
chr18	13172036	C	T
chr18	13401369	A	G
chr18	13406693	C	T
chr18	13717557	A	-
chr18	14434520	C	G
chr18	15090672	T	C
chr18	15248718	C	A
chr18	1621355	G	A
chr18	1757030	C	T
chr18	19058030	G	A
chr18	19142743	T	C
chr18	20143191	T	C
chr18	22589439	G	C
chr18	23520374	C	G
chr18	24146270	A	G
chr18	24342907	-	T
chr18	25926965	-	A
chr18	26410887	A	G
chr18	26964847	C	T
chr18	27366970	T	G
chr18	28492824	T	C
chr18	29026585	G	A
chr18	29264534	C	G
chr18	2963694	A	G
chr18	30028876	C	A
chr18	30277889	G	C
chr18	30298979	T	C
chr18	3114206	C	T
chr18	31499399	T	C
chr18	3216073	C	T
chr18	32982349	G	A
chr18	33386743	C	T
chr18	33682865	C	T
chr18	33840873	A	G
chr18	34141680	C	A
chr18	34625985	C	T
chr18	3562220	C	T
chr18	35733915	A	G
chr18	36059445	T	C
chr18	36698949	A	T
chr18	36733756	C	T
chr18	39505926	A	G
chr18	39525035	A	G
chr18	39907413	G	A
chr18	40274917	G	A
chr18	40295976	C	G
chr18	40375058	C	T
chr18	42723511	C	G
chr18	43095762	C	T
chr18	43811471	T	A
chr18	44805945	T	C
chr18	45627196	C	T
chr18	45912795	T	G
chr18	46377793	A	C
chr18	47055357	G	A
chr18	47587324	C	G
chr18	47898226	T	C
chr18	49035233	G	A
chr18	49243350	C	A
chr18	49374053	T	C
chr18	50081628	C	T
chr18	50226796	A	G
chr18	5170940	C	T
chr18	5202983	G	A
chr18	52290181	T	A
chr18	52432518	A	G
chr18	53628998	A	G
chr18	55497845	T	A
chr18	55868885	G	T
chr18	56306137	A	G
chr18	56715517	C	T
chr18	57063566	T	C
chr18	57491901	T	A
chr18	57608103	C	T
chr18	58356342	A	G
chr18	5898798	C	T
chr18	5904332	A	C
chr18	59284834	T	C
chr18	5936902	A	T
chr18	59374474	T	C
chr18	59684082	C	T
chr18	60197898	T	C
chr18	60219326	A	G
chr18	6025788	G	C
chr18	60694549	C	A
chr18	60840127	A	G
chr18	61045686	C	T
chr18	61404609	A	T
chr18	61481401	C	G
chr18	61856257	T	C
chr18	62445389	A	G
chr18	62451944	A	T
chr18	63831532	A	G
chr18	64049938	G	T
chr18	6611406	G	A
chr18	66298975	C	T
chr18	69164905	C	G
chr18	69501943	G	A
chr18	69562191	G	A
chr18	69637255	T	A
chr18	6979239	A	G
chr18	6983585	C	A
chr18	70396480	A	C
chr18	70950076	C	G
chr18	71070905	A	C
chr18	71321235	G	T
chr18	71380305	C	T
chr18	72004070	T	A
chr18	72614973	G	T
chr18	73896671	A	G
chr18	74197320	T	C
chr18	74330153	G	C
chr18	7547348	C	G
chr18	75876184	C	T
chr18	77090729	G	A
chr18	77389924	T	A
chr18	77607883	G	C
chr18	77997139	A	-
chr18	8341044	-	T
chr18	8580094	G	T
chr18	8643301	T	C
chr18	8834213	T	-
chr18	8842879	T	C
chr19	10349689	T	C
chr19	10462498	T	C
chr19	11235076	T	G
chr19	11262295	G	-
chr19	11568021	A	T
chr19	12083210	A	T
chr19	12526649	G	A
chr19	12789975	A	G
chr19	12909384	G	A
chr19	13115479	G	A
chr19	14751539	G	A
chr19	15552995	A	-
chr19	15826763	G	A
chr19	15932940	A	G
chr19	16080861	G	A
chr19	16849258	G	A
chr19	17281798	T	-
chr19	18724314	C	A
chr19	1888570	G	C
chr19	19013637	A	G
chr19	20143907	T	C
chr19	20448910	G	A
chr19	20824065	G	A
chr19	21362608	C	T
chr19	21901191	G	A
chr19	22404603	A	C
chr19	22454000	A	T
chr19	22908538	T	C
chr19	23355214	C	T
chr19	23392818	T	-
chr19	23449502	G	A
chr19	23824984	T	A
chr19	2386230	C	T
chr19	2686909	C	G
chr19	27820739	A	G
chr19	28181588	G	C
chr19	28203302	A	G
chr19	29362065	A	G
chr19	29576762	C	T
chr19	30961790	C	T
chr19	30985724	C	T
chr19	31178924	A	-
chr19	32538394	T	A
chr19	32760224	T	G
chr19	32797610	T	C
chr19	33318324	G	A
chr19	33600318	T	G
chr19	35557079	C	A
chr19	3593749	T	A
chr19	37097096	A	G
chr19	37866641	C	A
chr19	38217699	A	G
chr19	38932262	G	T
chr19	39379032	A	G
chr19	39539033	T	C
chr19	40325563	T	C
chr19	41080813	A	G
chr19	41446103	A	C
chr19	41570429	A	G
chr19	41588709	T	C
chr19	43292152	T	A
chr19	43545403	A	G
chr19	43622895	A	G
chr19	43642484	A	G
chr19	43782476	T	G
chr19	43854712	G	A
chr19	43901830	G	A
chr19	43945315	C	A
chr19	44515073	C	A
chr19	44848172	G	C
chr19	45761735	A	G
chr19	45818525	G	A
chr19	46720604	T	C
chr19	47213404	C	T
chr19	48438774	T	G
chr19	48573115	C	G
chr19	48653799	G	C
chr19	48799604	C	T
chr19	51142991	A	C
chr19	51188983	A	G
chr19	51546964	G	A
chr19	51973035	T	A
chr19	52012541	C	T
chr19	5201883	G	C
chr19	53000169	A	G
chr19	53190134	A	G
chr19	53239731	A	G
chr19	53434552	G	C
chr19	53454962	T	A
chr19	53826412	A	C
chr19	54536787	C	A
chr19	54557111	G	C
chr19	55337121	T	C
chr19	55374086	T	C
chr19	55506538	A	G
chr19	55597025	A	G
chr19	56713303	A	-
chr19	56814619	G	A
chr19	57312669	T	C
chr19	57590077	G	A
chr19	58004345	G	C
chr19	6326382	G	C
chr19	6991622	G	C
chr19	7183700	T	C
chr2	100280518	A	T
chr2	100320747	T	C
chr2	101317114	A	C
chr2	101939124	G	A
chr2	102004423	C	T
chr2	102021622	C	T
chr2	102265835	A	T
chr2	102731188	A	G
chr2	103945755	G	T
chr2	104677143	T	C
chr2	106079079	C	T
chr2	106409537	A	G
chr2	107088769	C	T
chr2	107167459	-	A
chr2	107302753	C	T
chr2	107408245	C	G
chr2	108301965	G	A
chr2	10993287	T	G
chr2	1114653	A	G
chr2	112231409	A	G
chr2	1137885	G	A
chr2	115485633	A	G
chr2	116078121	G	T
chr2	116517765	T	C
chr2	116916276	A	G
chr2	117752856	A	G
chr2	117888698	G	A
chr2	117896761	G	A
chr2	118140695	T	C
chr2	11835470	C	A
chr2	118445865	A	G
chr2	118757983	C	T
chr2	119757790	G	T
chr2	119890626	-	A
chr2	119896847	A	G
chr2	120382928	G	A
chr2	120714278	G	C
chr2	121726816	G	T
chr2	121854907	A	T
chr2	122547209	A	C
chr2	123493391	C	T
chr2	123912533	G	A
chr2	124428381	G	C
chr2	125500371	T	A
chr2	12550600	G	A
chr2	125710821	G	A
chr2	125831136	A	G
chr2	126342829	A	C
chr2	126782150	C	T
chr2	127014468	C	T
chr2	127509838	G	A
chr2	12837340	T	A
chr2	128611133	-	T
chr2	129239922	T	C
chr2	129326430	C	G
chr2	129347421	G	A
chr2	129566052	T	-
chr2	130093941	C	A
chr2	130437310	A	C
chr2	13054219	T	C
chr2	130606016	C	T
chr2	130969789	A	C
chr2	13097977	T	C
chr2	131250040	G	A
chr2	13143718	T	C
chr2	132254366	A	G
chr2	132676179	G	T
chr2	133033133	C	T
chr2	133035301	G	A
chr2	133749948	G	T
chr2	134598412	G	A
chr2	134812939	G	A
chr2	135110546	C	G
chr2	135184636	A	G
chr2	136160750	A	G
chr2	137512403	C	T
chr2	13756599	-	G
chr2	137996298	A	G
chr2	138433013	A	G
chr2	139611677	G	A
chr2	140075806	A	C
chr2	140326799	C	T
chr2	141414110	A	G
chr2	141905822	G	A
chr2	144077571	-	T
chr2	144271628	G	T
chr2	146383662	T	C
chr2	148768499	C	T
chr2	149496706	G	C
chr2	150389266	C	T
chr2	150561355	A	G
chr2	150838997	T	C
chr2	151688461	C	G
chr2	151788762	A	-
chr2	151933110	A	G
chr2	152873087	C	T
chr2	152905683	T	A
chr2	153499667	G	A
chr2	153881917	A	G
chr2	154055903	G	A
chr2	155494858	A	C
chr2	155504862	A	G
chr2	156489052	T	G
chr2	156823447	C	T
chr2	157169946	C	T
chr2	157469461	C	T
chr2	157712609	C	T
chr2	158283429	C	T
chr2	158499733	C	T
chr2	158760183	T	C
chr2	15910552	C	G
chr2	159719957	T	C
chr2	160137058	G	A
chr2	16023921	A	G
chr2	160679169	C	T
chr2	160986836	C	A
chr2	161877628	G	T
chr2	162877733	T	C
chr2	164278587	A	G
chr2	164389385	A	C
chr2	16448669	A	G
chr2	164531445	C	A
chr2	164703138	C	G
chr2	164946755	A	G
chr2	165025484	A	C
chr2	165334868	G	A
chr2	166938267	C	T
chr2	166973264	A	G
chr2	167037450	C	T
chr2	167440603	A	G
chr2	168485411	G	T
chr2	168660120	G	A
chr2	168765694	T	-
chr2	170201438	C	G
chr2	170311535	C	T
chr2	170529185	G	T
chr2	171175031	A	G
chr2	171590017	T	C
chr2	173590225	T	C
chr2	17399451	T	A
chr2	174804263	G	A
chr2	175428201	G	A
chr2	176001670	-	C
chr2	176014505	C	A
chr2	176075736	G	T
chr2	176088117	T	-
chr2	177480391	A	G
chr2	178399560	A	G
chr2	178842352	G	A
chr2	180931157	G	A
chr2	180985778	C	G
chr2	181375437	A	T
chr2	181453520	C	G
chr2	182959610	T	C
chr2	183212776	T	G
chr2	184957970	C	T
chr2	185280416	C	T
chr2	186457367	-	T
chr2	188207505	T	G
chr2	188432669	T	G
chr2	18920630	A	G
chr2	189731911	G	A
chr2	19009212	C	T
chr2	190823767	G	A
chr2	191237484	G	-
chr2	191604735	C	A
chr2	192573426	G	C
chr2	193779625	A	T
chr2	195811457	A	G
chr2	196469480	C	T
chr2	196873230	C	T
chr2	19731327	G	A
chr2	199977728	A	T
chr2	201528426	A	C
chr2	201951323	C	G
chr2	202393251	G	A
chr2	20261968	G	A
chr2	20430941	A	G
chr2	205045325	C	T
chr2	206038376	C	T
chr2	207852218	C	A
chr2	207925067	T	A
chr2	208941913	T	G
chr2	20920496	T	C
chr2	209636098	C	T
chr2	210189974	C	A
chr2	212220662	T	C
chr2	212770293	G	A
chr2	213050762	A	G
chr2	213188776	C	A
chr2	213624776	T	C
chr2	214624951	A	G
chr2	215143465	G	A
chr2	21579129	C	T
chr2	217256944	C	T
chr2	2175903	T	C
chr2	217725043	T	A
chr2	219041905	G	A
chr2	220651307	T	C
chr2	22086954	A	T
chr2	221912029	C	T
chr2	222019768	T	C
chr2	222778787	T	C
chr2	222908752	T	C
chr2	223687789	G	A
chr2	223976302	G	C
chr2	224686401	C	T
chr2	224739466	C	T
chr2	225193165	T	G
chr2	225778337	T	C
chr2	226009232	T	C
chr2	226609420	C	T
chr2	227120772	G	T
chr2	227182518	A	C
chr2	227336104	C	T
chr2	228410813	C	A
chr2	228529200	G	T
chr2	228532689	G	A
chr2	228552708	C	T
chr2	228755587	T	G
chr2	228762073	C	T
chr2	228846139	A	T
chr2	229008921	G	C
chr2	229332221	A	G
chr2	229358889	A	G
chr2	229664051	G	A
chr2	231013655	T	C
chr2	231114592	C	G
chr2	231263347	G	A
chr2	231507392	T	C
chr2	231929015	A	G
chr2	231979875	G	A
chr2	232956349	C	A
chr2	234300056	T	C
chr2	235000974	A	G
chr2	235416563	T	G
chr2	235868762	T	C
chr2	236615013	G	A
chr2	237027478	C	T
chr2	237150377	T	G
chr2	237709903	C	T
chr2	23789854	T	C
chr2	238084743	A	G
chr2	239216862	G	T
chr2	239297294	A	G
chr2	240838900	A	C
chr2	241128221	C	T
chr2	241450417	C	G
chr2	24173917	T	C
chr2	242317776	C	G
chr2	242366603	C	T
chr2	242903923	A	G
chr2	242961918	A	G
chr2	25010849	A	G
chr2	27153368	C	T
chr2	28459140	C	T
chr2	2957872	T	A
chr2	29877834	G	C
chr2	30171704	A	T
chr2	30240718	C	A
chr2	31397371	G	T
chr2	3202467	G	A
chr2	3246905	A	C
chr2	33087107	C	T
chr2	33497246	G	A
chr2	33945033	C	T
chr2	33954763	G	A
chr2	34741026	C	A
chr2	34805785	G	A
chr2	34971703	T	C
chr2	35966336	C	T
chr2	35996799	G	A
chr2	36818376	C	T
chr2	36958576	C	T
chr2	3717566	A	C
chr2	37347862	T	A
chr2	37460088	A	T
chr2	37535902	C	T
chr2	37670586	G	A
chr2	37784185	A	C
chr2	37944244	-	A
chr2	39122625	C	A
chr2	39802279	G	T
chr2	40901062	C	G
chr2	41226849	-	A
chr2	41441043	C	T
chr2	41704149	A	G
chr2	42982168	G	A
chr2	44001131	G	C
chr2	44493757	A	C
chr2	44698692	T	A
chr2	45303301	T	C
chr2	45378809	T	C
chr2	45635312	A	C
chr2	46452107	C	T
chr2	4716776	T	G
chr2	47297226	G	A
chr2	48277389	G	C
chr2	48480838	C	T
chr2	48526375	T	C
chr2	4881088	T	C
chr2	48836910	G	T
chr2	492809	G	A
chr2	50250918	A	T
chr2	50258610	T	C
chr2	50499177	C	T
chr2	50785779	G	T
chr2	51890862	G	C
chr2	52345862	A	T
chr2	53190361	A	G
chr2	53193685	T	C
chr2	53729503	T	A
chr2	54090404	C	T
chr2	55291778	G	A
chr2	55548795	T	C
chr2	5576618	T	A
chr2	569138	A	G
chr2	57428925	C	T
chr2	57580534	T	C
chr2	58164222	A	G
chr2	58325031	A	-
chr2	58492224	A	G
chr2	5897768	A	C
chr2	60564062	G	A
chr2	60670476	A	G
chr2	60781699	G	C
chr2	61981978	A	T
chr2	62041189	G	C
chr2	62374385	T	C
chr2	62460783	-	A
chr2	6515923	T	A
chr2	6626395	G	A
chr2	66367791	G	A
chr2	66384248	T	C
chr2	66398477	C	T
chr2	67061635	T	C
chr2	67727733	T	G
chr2	68111008	C	A
chr2	68256898	C	T
chr2	71277419	T	C
chr2	72120969	C	T
chr2	74087373	G	A
chr2	75685207	G	A
chr2	76417542	C	T
chr2	7724764	T	C
chr2	77820783	A	G
chr2	78962528	G	A
chr2	80227316	G	C
chr2	81936643	T	-
chr2	82569540	G	T
chr2	82980352	T	C
chr2	83745223	G	C
chr2	85927272	A	G
chr2	87552759	T	G
chr2	88527363	C	G
chr2	8904708	C	T
chr2	9183923	G	A
chr2	96383487	G	C
chr2	98403508	G	C
chr2	9844717	T	C
chr2	99004347	C	T
chr2	99372131	A	C
chr20	10099669	C	G
chr20	10235517	T	C
chr20	10545725	C	G
chr20	10983150	T	C
chr20	11132353	C	T
chr20	11210821	A	C
chr20	12222802	T	C
chr20	12427402	C	G
chr20	12624678	G	A
chr20	1315277	A	T
chr20	13384406	C	T
chr20	1462355	A	G
chr20	15649741	A	G
chr20	16832475	T	C
chr20	17107754	A	G
chr20	17196922	T	A
chr20	17225243	G	A
chr20	17421922	T	A
chr20	18148528	-	C
chr20	20679858	C	T
chr20	219681	G	A
chr20	22145464	C	T
chr20	22169021	T	C
chr20	2223139	A	G
chr20	22305391	G	A
chr20	23755586	G	A
chr20	23816240	G	A
chr20	24148561	T	C
chr20	24230270	A	G
chr20	24267314	A	G
chr20	24861152	G	A
chr20	25268316	A	C
chr20	25694203	C	T
chr20	2871280	G	A
chr20	2929466	G	A
chr20	29623249	A	T
chr20	29898304	G	C
chr20	29971334	T	-
chr20	30124260	C	A
chr20	30210123	T	C
chr20	30214282	C	T
chr20	31854546	C	T
chr20	32306269	T	C
chr20	32496389	T	G
chr20	33618034	A	T
chr20	33952298	C	T
chr20	35155871	-	G
chr20	35164812	-	T
chr20	36530004	-	C
chr20	36734814	A	G
chr20	37375650	C	T
chr20	3742080	C	T
chr20	37715144	T	C
chr20	39324420	T	C
chr20	39364176	A	C
chr20	40006856	T	C
chr20	40515559	A	C
chr20	42239467	T	C
chr20	42647759	T	-
chr20	43353600	G	A
chr20	44312607	G	A
chr20	44884685	T	G
chr20	44914603	G	C
chr20	45571570	A	G
chr20	4565197	T	C
chr20	47195184	A	G
chr20	4787676	C	T
chr20	48894871	T	C
chr20	48931819	T	C
chr20	49040584	T	G
chr20	49426100	C	T
chr20	50624646	G	A
chr20	50661588	C	T
chr20	51419264	-	T
chr20	52374868	C	T
chr20	52450203	A	G
chr20	5298808	C	T
chr20	53036407	C	G
chr20	5328388	G	T
chr20	53771069	G	A
chr20	54460308	A	T
chr20	5509823	T	C
chr20	56299707	C	T
chr20	56787803	C	T
chr20	5781410	T	C
chr20	57904836	T	A
chr20	58286652	C	G
chr20	583676	C	G
chr20	59021626	A	G
chr20	59098395	T	C
chr20	59424538	G	A
chr20	5960353	T	C
chr20	60216475	C	A
chr20	60235381	G	C
chr20	60940085	G	A
chr20	61031065	C	A
chr20	6240423	T	C
chr20	62790060	C	T
chr20	6391122	A	G
chr20	6489566	A	G
chr20	6536326	A	T
chr20	7119481	T	-
chr20	7296230	C	A
chr20	9339286	G	A
chr21	10714958	T	C
chr21	11129354	A	G
chr21	15202917	T	C
chr21	15509419	G	C
chr21	16791077	T	C
chr21	17412143	T	C
chr21	17507817	C	T
chr21	17639821	T	C
chr21	17731895	T	A
chr21	18182065	G	A
chr21	18344113	C	T
chr21	18726568	G	C
chr21	19094955	G	A
chr21	19344588	C	G
chr21	19847657	C	T
chr21	20038846	A	G
chr21	20406887	T	C
chr21	20702383	T	C
chr21	20937902	G	A
chr21	21163994	T	C
chr21	21193964	T	A
chr21	21677250	G	A
chr21	22178134	T	C
chr21	22202251	T	C
chr21	22543097	A	G
chr21	22553265	T	C
chr21	22751281	C	T
chr21	22973022	G	-
chr21	23713643	C	A
chr21	24242977	G	A
chr21	24283191	T	C
chr21	24605838	A	C
chr21	25158280	C	T
chr21	25203214	G	A
chr21	25236145	T	C
chr21	25459112	A	G
chr21	25466283	C	T
chr21	25513465	A	G
chr21	27745745	A	C
chr21	27889889	T	C
chr21	27971172	C	T
chr21	28082356	A	T
chr21	28851082	T	G
chr21	28910794	T	C
chr21	29216700	C	A
chr21	30968112	G	C
chr21	32656572	C	T
chr21	32797764	C	T
chr21	34676164	G	T
chr21	34813170	G	C
chr21	35792222	A	G
chr21	35940993	G	A
chr21	36456631	C	T
chr21	36619850	G	C
chr21	37353017	G	A
chr21	38051761	C	T
chr21	38211332	-	T
chr21	38445540	C	T
chr21	38773350	C	T
chr21	39381739	G	A
chr21	39384927	A	C
chr21	40623525	T	C
chr21	40864719	G	T
chr21	40880083	C	T
chr21	41377829	G	A
chr21	41532999	T	-
chr21	41633695	G	A
chr21	42391541	A	-
chr21	43357884	A	G
chr21	43950052	T	C
chr21	43952436	C	T
chr21	44107084	T	C
chr21	45378962	T	C
chr21	45579900	A	G
chr21	45951944	G	A
chr21	46088369	T	C
chr21	46912885	G	A
chr21	47764673	C	T
chr21	9473395	T	A
chr21	9679764	A	T
chr22	16578327	A	G
chr22	17038847	C	T
chr22	17307398	T	C
chr22	17338965	C	A
chr22	17590958	A	C
chr22	18025718	C	T
chr22	19602500	-	A
chr22	19609934	C	T
chr22	21416314	C	T
chr22	22418251	G	A
chr22	22482636	A	C
chr22	22969981	G	T
chr22	23170067	C	T
chr22	23490989	A	G
chr22	23843438	G	T
chr22	24174302	G	A
chr22	24295954	T	C
chr22	25045397	G	T
chr22	25281745	G	A
chr22	25690250	C	A
chr22	25939585	G	A
chr22	26180031	T	G
chr22	26253977	A	G
chr22	26688830	G	T
chr22	27114084	T	-
chr22	27904833	T	G
chr22	29602921	T	C
chr22	29703520	C	T
chr22	30359409	T	C
chr22	30754365	T	C
chr22	31402045	G	T
chr22	31837326	C	T
chr22	33417513	T	C
chr22	33950282	A	G
chr22	34392104	T	G
chr22	36509542	-	T
chr22	36917874	C	T
chr22	37278040	T	C
chr22	37578387	C	T
chr22	38167291	G	A
chr22	38198449	G	T
chr22	38599363	G	A
chr22	39516371	C	G
chr22	40477429	G	T
chr22	40888107	C	T
chr22	41241334	A	G
chr22	43115932	A	G
chr22	43230074	T	C
chr22	43353914	G	C
chr22	43392020	T	C
chr22	43608625	G	A
chr22	44197051	A	C
chr22	44846516	G	A
chr22	44955284	G	A
chr22	45451859	A	G
chr22	45526632	C	T
chr22	46350647	C	A
chr22	48142703	C	T
chr22	49018785	G	A
chr22	49090651	A	C
chr22	49134226	C	T
chr22	49136814	G	A
chr22	49403525	C	T
chr22	49912825	T	A
chr22	50129977	T	C
chr22	50131323	G	C
chr22	50499020	A	C
chr22	50997662	C	A
chr22	51237482	C	G
chr3	100361375	C	G
chr3	100407431	A	G
chr3	100417225	C	T
chr3	100957659	G	A
chr3	101419418	C	T
chr3	102955871	G	A
chr3	103005942	T	-
chr3	103318100	T	C
chr3	103819496	G	T
chr3	1043856	A	G
chr3	104502832	C	T
chr3	104872334	T	G
chr3	105891184	C	A
chr3	106201684	A	G
chr3	106837809	A	G
chr3	107028333	G	C
chr3	107725466	T	G
chr3	108467322	G	A
chr3	109945305	T	C
chr3	109970247	G	T
chr3	110086844	G	A
chr3	110453269	A	G
chr3	111693822	A	T
chr3	111904244	A	G
chr3	11202298	T	C
chr3	113657719	A	G
chr3	113973303	C	A
chr3	113980470	T	G
chr3	114319818	T	C
chr3	114467323	G	C
chr3	115718524	G	C
chr3	115928690	C	T
chr3	116620207	A	G
chr3	118080349	T	A
chr3	119833569	A	G
chr3	120258298	A	G
chr3	122177633	C	G
chr3	122372242	G	A
chr3	122906617	T	A
chr3	124894600	-	A
chr3	125231717	T	C
chr3	125470156	A	G
chr3	125505353	G	A
chr3	1255283	G	T
chr3	128395149	C	A
chr3	131629715	C	A
chr3	132481129	T	G
chr3	133110275	A	C
chr3	133207012	C	A
chr3	133796929	A	-
chr3	13909903	G	A
chr3	139314555	G	T
chr3	139538411	T	A
chr3	139623320	G	A
chr3	140338062	G	A
chr3	141878682	C	T
chr3	142730137	G	A
chr3	144490391	C	T
chr3	14551616	G	T
chr3	145954084	G	C
chr3	146261962	T	C
chr3	146873438	A	G
chr3	146894272	C	T
chr3	147022472	G	A
chr3	147264033	G	A
chr3	147621106	G	T
chr3	147746069	C	T
chr3	148735002	A	C
chr3	149899954	A	G
chr3	150220664	C	A
chr3	151394600	G	A
chr3	151639797	G	A
chr3	152199696	T	-
chr3	153420746	G	A
chr3	15389815	T	C
chr3	154359965	C	T
chr3	155584649	A	C
chr3	156544583	C	T
chr3	157036039	C	T
chr3	158219618	C	T
chr3	158787633	G	-
chr3	159225366	T	A
chr3	160708805	A	C
chr3	161232354	C	T
chr3	161423782	A	G
chr3	161869582	T	A
chr3	162064514	A	G
chr3	162083076	C	T
chr3	162260257	C	T
chr3	162735990	C	T
chr3	162755706	T	C
chr3	162861975	G	A
chr3	163505854	T	C
chr3	164164088	A	G
chr3	164352587	G	A
chr3	164512374	C	A
chr3	165626340	A	T
chr3	166909398	G	T
chr3	166966034	G	A
chr3	167819605	G	A
chr3	167879472	G	A
chr3	167968420	T	A
chr3	168716631	T	C
chr3	169182028	G	A
chr3	169223208	C	T
chr3	170086137	-	T
chr3	17079261	G	C
chr3	170958824	-	T
chr3	171498921	A	G
chr3	172789844	A	T
chr3	174080414	A	G
chr3	174615880	T	C
chr3	174660550	G	T
chr3	176098292	A	G
chr3	176396223	C	G
chr3	17757500	-	G
chr3	177990472	C	T
chr3	178719195	G	A
chr3	178740421	T	A
chr3	178790622	A	C
chr3	17922142	T	-
chr3	179337672	A	G
chr3	179436636	T	C
chr3	179827380	A	G
chr3	181370065	T	C
chr3	181573413	T	A
chr3	181888999	A	-
chr3	183083226	C	T
chr3	183373485	G	T
chr3	183838913	A	G
chr3	184167413	A	G
chr3	184281728	T	A
chr3	186129091	A	C
chr3	186140063	A	G
chr3	186575391	G	C
chr3	189093764	A	G
chr3	189228028	T	C
chr3	189380888	G	A
chr3	189484205	G	T
chr3	189649712	T	-
chr3	189949306	G	C
chr3	192907495	T	G
chr3	19392970	C	G
chr3	195506660	G	C
chr3	195725382	A	T
chr3	196838272	C	T
chr3	197200331	G	A
chr3	197236159	G	A
chr3	19825914	A	G
chr3	20496069	C	A
chr3	2058536	A	G
chr3	20803859	A	G
chr3	209744	A	G
chr3	22720031	C	G
chr3	22730349	C	T
chr3	22856030	C	T
chr3	23477815	G	C
chr3	23513055	T	G
chr3	23677874	T	-
chr3	2414779	T	-
chr3	245714	T	C
chr3	25244261	C	T
chr3	25320732	A	G
chr3	25492302	G	A
chr3	25562515	C	G
chr3	2655694	G	C
chr3	26839864	C	T
chr3	27373679	A	C
chr3	28243816	A	T
chr3	28679009	G	A
chr3	29264975	A	G
chr3	29814902	C	T
chr3	30004061	A	G
chr3	30295973	G	T
chr3	30674983	C	T
chr3	31438711	A	G
chr3	316523	T	C
chr3	32067237	C	T
chr3	32079914	T	C
chr3	3209056	T	A
chr3	32205275	A	G
chr3	3261448	T	C
chr3	32700938	G	A
chr3	3344640	C	T
chr3	34707884	T	C
chr3	34837298	T	C
chr3	35353363	T	C
chr3	35578331	A	C
chr3	36078927	A	C
chr3	3613743	T	C
chr3	36313572	T	C
chr3	37369827	C	T
chr3	37663643	C	T
chr3	38845380	G	C
chr3	39049469	G	T
chr3	39556939	C	T
chr3	4086478	C	A
chr3	40929244	-	A
chr3	41458121	C	A
chr3	42332623	T	G
chr3	43876176	G	A
chr3	45243382	C	T
chr3	45268115	T	C
chr3	45730662	C	G
chr3	4607132	C	T
chr3	4625351	G	A
chr3	47234289	T	C
chr3	47703485	T	-
chr3	47713611	C	T
chr3	4970671	G	A
chr3	49878394	A	G
chr3	50528091	G	C
chr3	53662335	C	G
chr3	53989640	A	G
chr3	54957988	A	C
chr3	56300998	A	G
chr3	5704041	A	G
chr3	58058369	G	C
chr3	58777005	T	C
chr3	5952438	C	G
chr3	5969888	A	G
chr3	60025613	G	A
chr3	60121892	T	G
chr3	601495	T	A
chr3	60349108	A	C
chr3	60431059	C	A
chr3	6050503	G	A
chr3	60588463	A	C
chr3	60968807	T	C
chr3	61055753	C	T
chr3	61618087	C	G
chr3	63048986	A	T
chr3	64131579	C	T
chr3	64503359	T	A
chr3	64867218	-	T
chr3	6526172	T	A
chr3	65872264	C	T
chr3	66007355	G	A
chr3	66924521	T	C
chr3	67019898	G	A
chr3	68448692	A	C
chr3	6933278	C	T
chr3	69677282	T	A
chr3	70099298	C	T
chr3	70479562	G	A
chr3	70744312	T	C
chr3	71786918	A	C
chr3	72909469	-	T
chr3	73065883	A	C
chr3	74062280	G	T
chr3	74957919	G	T
chr3	75391157	T	G
chr3	75501398	A	C
chr3	75609233	C	T
chr3	75980546	A	G
chr3	76998193	G	A
chr3	77401855	C	T
chr3	77421716	T	G
chr3	77424988	C	T
chr3	77893857	G	A
chr3	78161850	T	C
chr3	78271264	A	T
chr3	78997247	A	G
chr3	79787072	T	C
chr3	80386384	T	A
chr3	81761341	T	G
chr3	82293704	T	C
chr3	8233191	C	T
chr3	82897137	C	G
chr3	83123117	A	C
chr3	83928127	A	G
chr3	86625765	T	-
chr3	86787788	G	T
chr3	87139841	T	G
chr3	8740383	G	A
chr3	88107178	T	A
chr3	88513220	C	A
chr3	89260259	G	A
chr3	89435126	G	A
chr3	89923789	C	T
chr3	89931242	C	T
chr3	94821567	C	T
chr3	94860302	C	T
chr3	95108092	C	T
chr3	95246849	G	A
chr3	953644	T	C
chr3	95670478	C	T
chr3	95910058	C	T
chr3	97986418	C	-
chr3	98650772	G	A
chr4	100934357	A	T
chr4	101093844	A	T
chr4	102322202	T	C
chr4	102871226	C	A
chr4	102872371	C	T
chr4	103331134	T	C
chr4	10421240	T	C
chr4	104639112	C	T
chr4	106918067	G	A
chr4	107004461	C	T
chr4	107060270	C	T
chr4	108049453	G	C
chr4	108562554	A	G
chr4	109149541	C	T
chr4	110004034	A	C
chr4	110341647	A	G
chr4	11119472	T	C
chr4	112630800	G	A
chr4	113602759	C	A
chr4	114963915	C	A
chr4	11502405	C	T
chr4	115967227	G	C
chr4	116315544	A	G
chr4	117036983	C	T
chr4	117207551	-	T
chr4	117231061	G	A
chr4	117365365	T	A
chr4	117393068	T	A
chr4	117681136	A	G
chr4	118316999	C	T
chr4	118753685	T	C
chr4	119468534	C	G
chr4	120254662	T	A
chr4	120279290	A	G
chr4	120626314	G	A
chr4	120659777	A	-
chr4	120724327	G	A
chr4	121730082	G	A
chr4	123774064	C	T
chr4	124534955	C	T
chr4	124535469	C	T
chr4	124834071	A	G
chr4	124974184	C	T
chr4	125757857	G	T
chr4	125913001	A	G
chr4	12646421	G	A
chr4	126947482	G	T
chr4	128616804	A	G
chr4	12888257	G	A
chr4	131371169	G	A
chr4	131855542	T	A
chr4	132347211	-	G
chr4	133578174	T	C
chr4	133852001	G	A
chr4	134793330	G	A
chr4	135909920	T	A
chr4	136013855	G	A
chr4	136100285	C	T
chr4	136638091	C	T
chr4	136649382	C	A
chr4	136804679	T	A
chr4	137647288	G	T
chr4	13768618	T	A
chr4	138156495	T	C
chr4	138367906	-	T
chr4	140740375	T	C
chr4	141020989	G	T
chr4	141836710	C	T
chr4	14197218	A	G
chr4	142478944	T	C
chr4	142661918	A	-
chr4	142862989	G	A
chr4	143866666	C	T
chr4	144087957	C	T
chr4	14411655	T	G
chr4	14422035	A	G
chr4	145362735	A	G
chr4	145466677	C	G
chr4	147225706	C	T
chr4	147268181	T	C
chr4	148600699	A	G
chr4	149056887	A	G
chr4	149282144	A	T
chr4	15058244	A	C
chr4	151109800	C	T
chr4	151188684	A	G
chr4	1515826	G	C
chr4	152786940	C	T
chr4	152909977	T	C
chr4	154363665	A	T
chr4	156644654	T	C
chr4	157249360	A	G
chr4	157381440	A	G
chr4	157594104	A	G
chr4	158380526	A	G
chr4	160335984	A	T
chr4	161197301	G	A
chr4	161238981	T	A
chr4	161411346	C	A
chr4	162003375	T	A
chr4	162010970	T	C
chr4	162247651	C	T
chr4	162312671	C	T
chr4	162516666	A	G
chr4	163500600	G	T
chr4	163526995	T	A
chr4	164584852	G	A
chr4	164706779	A	G
chr4	164988328	A	G
chr4	165435608	T	C
chr4	165469998	C	T
chr4	165785626	A	G
chr4	165920673	G	A
chr4	166366102	A	C
chr4	167092165	G	A
chr4	167838303	A	G
chr4	168302789	C	-
chr4	168808994	G	C
chr4	168928514	A	C
chr4	169686057	C	T
chr4	169796174	T	C
chr4	17043894	T	G
chr4	17099097	A	T
chr4	171633831	A	G
chr4	17203379	T	A
chr4	17212992	T	C
chr4	17239328	A	T
chr4	172446415	A	G
chr4	172568192	T	A
chr4	172643214	C	T
chr4	173035886	A	G
chr4	173445388	C	T
chr4	173771913	G	T
chr4	174208336	A	G
chr4	174543453	C	T
chr4	174700180	T	G
chr4	17522245	A	C
chr4	175613498	A	G
chr4	175828081	G	A
chr4	175840736	T	C
chr4	175888022	A	G
chr4	17615741	T	A
chr4	178544224	G	A
chr4	178871339	T	-
chr4	179652281	G	C
chr4	180612073	C	A
chr4	181148015	C	A
chr4	181814265	G	T
chr4	182441433	G	A
chr4	182915707	-	T
chr4	183266278	T	C
chr4	183586568	C	T
chr4	183816951	T	C
chr4	184829745	T	-
chr4	185025174	C	T
chr4	185180993	A	G
chr4	185254771	C	T
chr4	186032213	-	G
chr4	18631401	T	C
chr4	186526961	T	C
chr4	186823842	A	-
chr4	187825116	G	A
chr4	187981959	C	T
chr4	188101825	G	A
chr4	189270578	G	A
chr4	189892199	G	A
chr4	190230895	C	G
chr4	190484413	C	T
chr4	190581839	G	C
chr4	190838889	T	C
chr4	19586495	A	G
chr4	2004264	C	A
chr4	20535744	C	G
chr4	20737410	G	A
chr4	21089190	G	A
chr4	22010516	G	A
chr4	22492923	G	C
chr4	22602249	T	C
chr4	22970001	A	C
chr4	23064281	A	C
chr4	23157903	-	T
chr4	23307525	G	T
chr4	23573049	A	G
chr4	23727572	A	G
chr4	23765471	C	T
chr4	25032134	C	T
chr4	25575536	G	A
chr4	26435592	C	T
chr4	27696415	A	C
chr4	27846613	A	T
chr4	28101775	-	T
chr4	2828610	C	T
chr4	28424321	G	A
chr4	2941417	G	C
chr4	29836876	T	C
chr4	30266656	A	-
chr4	30394612	C	T
chr4	31518243	C	G
chr4	31622260	C	T
chr4	32325515	C	T
chr4	33255774	C	T
chr4	33384424	C	G
chr4	33494012	G	A
chr4	3370351	T	C
chr4	34218165	A	G
chr4	35220268	G	A
chr4	36269777	T	A
chr4	36472541	A	G
chr4	36795248	T	A
chr4	3739767	-	G
chr4	37548291	T	C
chr4	37635809	A	G
chr4	38514576	C	G
chr4	3897008	C	T
chr4	39303478	T	C
chr4	40387872	G	A
chr4	40476996	A	G
chr4	40540062	T	A
chr4	4055352	A	T
chr4	40933946	C	T
chr4	41082715	-	T
chr4	41242146	A	-
chr4	42744098	G	T
chr4	42774568	A	-
chr4	42818287	G	A
chr4	42927126	T	C
chr4	43397121	G	C
chr4	43540048	C	T
chr4	43710038	G	A
chr4	44071419	A	-
chr4	45316457	C	T
chr4	45642962	T	A
chr4	46059586	G	C
chr4	47063166	T	C
chr4	47552628	G	A
chr4	47999738	A	C
chr4	4852026	C	T
chr4	49106707	T	A
chr4	49272927	G	A
chr4	514200	G	T
chr4	53313822	A	G
chr4	53438172	G	A
chr4	53916166	T	C
chr4	54376708	G	T
chr4	54446805	T	C
chr4	54983489	A	G
chr4	56559227	C	T
chr4	56683801	T	C
chr4	57270544	T	C
chr4	59261919	C	T
chr4	59613778	A	G
chr4	59799784	G	T
chr4	60624675	C	T
chr4	60682248	G	C
chr4	60699534	T	C
chr4	61256049	G	A
chr4	61336389	A	G
chr4	62416592	A	G
chr4	62622972	-	T
chr4	63614841	C	A
chr4	64199782	C	T
chr4	6581109	T	C
chr4	67088483	C	T
chr4	68227875	A	G
chr4	68499762	A	T
chr4	69120931	A	T
chr4	69542039	C	G
chr4	70356194	C	G
chr4	70447275	C	T
chr4	70553157	T	A
chr4	71221048	C	T
chr4	7201750	G	-
chr4	7343865	A	G
chr4	73548668	C	A
chr4	73646666	T	C
chr4	73862954	A	G
chr4	7468814	A	G
chr4	75659255	G	A
chr4	75854631	C	T
chr4	764007	A	G
chr4	7660760	G	A
chr4	76955337	A	G
chr4	77024600	C	T
chr4	77120544	C	T
chr4	77306964	T	C
chr4	77314899	T	A
chr4	79915954	G	A
chr4	80540213	G	A
chr4	80719191	G	A
chr4	81644272	G	A
chr4	82817728	A	G
chr4	83586313	A	G
chr4	83675617	-	G
chr4	83728652	T	C
chr4	84530520	-	T
chr4	85411152	C	G
chr4	86594476	T	G
chr4	877918	C	T
chr4	89500396	T	C
chr4	89720884	T	C
chr4	89761442	A	G
chr4	89814783	T	C
chr4	90488680	T	C
chr4	90600998	G	A
chr4	90621314	G	A
chr4	90745237	C	A
chr4	90766229	T	C
chr4	9079307	C	T
chr4	91068923	T	C
chr4	91091769	C	A
chr4	92265953	C	G
chr4	93590049	G	A
chr4	94651378	G	A
chr4	94964721	A	C
chr4	95491515	G	A
chr4	9610872	G	T
chr4	98114536	A	C
chr4	99579478	C	A
chr4	99579945	C	T
chr4_ctg9_hap1	258018	C	T
chr4_ctg9_hap1	335710	G	A
chr5	100733328	A	T
chr5	10191778	T	C
chr5	10308181	C	A
chr5	103154734	T	A
chr5	104355511	G	T
chr5	104830899	C	T
chr5	104954543	T	-
chr5	105637730	T	C
chr5	1082183	A	C
chr5	108358737	T	C
chr5	108740023	C	A
chr5	108905778	T	C
chr5	10922484	C	T
chr5	10949353	T	C
chr5	109788621	G	A
chr5	109866928	C	T
chr5	110070758	T	A
chr5	111539652	C	T
chr5	111543859	T	C
chr5	111888112	C	T
chr5	112668190	G	A
chr5	112668246	T	G
chr5	112868877	A	G
chr5	113153262	C	T
chr5	113925651	T	A
chr5	114415218	T	A
chr5	114712371	-	T
chr5	114905182	G	A
chr5	115280741	C	T
chr5	115327695	C	T
chr5	11549394	T	C
chr5	115515451	T	C
chr5	116341876	T	-
chr5	117100283	-	T
chr5	117330509	T	G
chr5	117468641	C	A
chr5	117515150	T	C
chr5	117531502	T	A
chr5	117619096	C	G
chr5	117637157	C	G
chr5	118997110	T	C
chr5	120198617	G	A
chr5	121105164	T	C
chr5	121971793	T	C
chr5	122387315	G	A
chr5	12247295	A	G
chr5	122961782	G	A
chr5	123008133	G	T
chr5	123317347	T	C
chr5	124312244	C	T
chr5	125903783	T	G
chr5	127524943	T	A
chr5	128027209	A	T
chr5	128558946	G	T
chr5	129021025	T	A
chr5	12928466	T	G
chr5	129770892	A	T
chr5	130120860	G	A
chr5	130437117	A	T
chr5	131828978	C	T
chr5	131970035	-	T
chr5	132013726	G	C
chr5	132489676	G	A
chr5	134257518	G	A
chr5	13536364	G	A
chr5	136000191	A	C
chr5	138879881	G	A
chr5	139332033	C	T
chr5	140004032	G	A
chr5	140676523	C	T
chr5	141117308	A	T
chr5	145546457	C	T
chr5	146203392	C	G
chr5	147077248	G	A
chr5	147745778	T	C
chr5	148085292	G	A
chr5	148198126	G	A
chr5	148385939	C	A
chr5	148828513	T	A
chr5	149542376	A	G
chr5	149988116	T	C
chr5	151099036	T	A
chr5	151144900	G	C
chr5	151852144	A	G
chr5	152182917	C	A
chr5	152648707	C	A
chr5	152867061	G	A
chr5	153582453	G	A
chr5	153662832	G	A
chr5	154868090	A	G
chr5	155052883	T	A
chr5	156381630	C	T
chr5	156865842	C	T
chr5	156970877	A	C
chr5	157091247	C	A
chr5	157211005	T	G
chr5	15739450	C	T
chr5	15812778	T	C
chr5	159106151	C	G
chr5	159682736	A	G
chr5	160463909	T	C
chr5	164261929	T	C
chr5	16454488	C	A
chr5	165316860	G	A
chr5	165701769	G	A
chr5	165728526	A	G
chr5	166319578	A	G
chr5	166509020	T	C
chr5	167362415	A	T
chr5	167394594	T	A
chr5	167501011	G	A
chr5	167515846	G	A
chr5	16762391	G	T
chr5	167680670	T	C
chr5	16828479	C	T
chr5	169006240	T	C
chr5	17121043	C	T
chr5	171228509	-	A
chr5	171483852	G	A
chr5	17197612	T	C
chr5	172398508	G	A
chr5	172852296	C	T
chr5	173883324	A	G
chr5	174577917	G	A
chr5	175078144	C	A
chr5	175078990	T	A
chr5	175085260	C	T
chr5	175353626	A	C
chr5	175876420	C	A
chr5	175884486	C	T
chr5	177188131	A	G
chr5	177392220	G	A
chr5	177753207	G	C
chr5	178019150	G	C
chr5	178195763	C	G
chr5	178639126	G	C
chr5	178814544	G	A
chr5	179648649	C	T
chr5	179865052	G	A
chr5	180470546	T	G
chr5	180495511	A	-
chr5	18404894	G	A
chr5	18545329	A	T
chr5	18546713	T	A
chr5	19192744	T	C
chr5	19218702	C	T
chr5	19981195	C	A
chr5	20044283	A	-
chr5	20204152	C	A
chr5	21243838	G	A
chr5	215684	G	A
chr5	22463715	C	G
chr5	22992438	C	T
chr5	23075419	C	A
chr5	23132086	A	G
chr5	23300760	T	-
chr5	23879422	T	A
chr5	24392033	T	C
chr5	24653268	C	T
chr5	2466208	C	T
chr5	25793896	C	T
chr5	26176016	G	A
chr5	27185167	T	G
chr5	27203477	T	A
chr5	2724288	C	T
chr5	27730623	-	T
chr5	28491227	T	A
chr5	29007532	C	A
chr5	29536225	T	C
chr5	29911308	C	T
chr5	29935345	G	A
chr5	3032689	C	T
chr5	30604318	C	T
chr5	30684499	C	T
chr5	31486578	-	A
chr5	31764197	A	C
chr5	3225569	C	T
chr5	32785825	G	A
chr5	33121254	A	-
chr5	33350479	A	G
chr5	33599760	A	G
chr5	34682294	T	C
chr5	34866	G	C
chr5	36093956	C	A
chr5	37218127	A	C
chr5	37419112	G	A
chr5	38129133	A	G
chr5	38301332	T	G
chr5	39403491	C	G
chr5	39755604	T	C
chr5	40265903	A	G
chr5	40490608	C	T
chr5	4086126	T	C
chr5	40877207	T	C
chr5	41623277	A	-
chr5	42076405	G	C
chr5	42200745	A	G
chr5	43352042	T	C
chr5	43472983	G	A
chr5	45003292	C	T
chr5	45279857	A	C
chr5	46225496	C	T
chr5	46374894	C	G
chr5	5043938	C	T
chr5	50971703	C	G
chr5	51366309	G	A
chr5	52057842	T	A
chr5	52861799	G	A
chr5	54085599	C	T
chr5	5411099	C	G
chr5	55559051	G	C
chr5	55904946	C	T
chr5	56572019	A	T
chr5	56981000	G	T
chr5	57531540	G	A
chr5	57795252	G	A
chr5	57986382	A	G
chr5	5845256	T	C
chr5	58579721	C	A
chr5	59152198	T	C
chr5	59184920	G	A
chr5	59359067	T	C
chr5	60211020	G	T
chr5	62202705	C	T
chr5	63622419	A	C
chr5	65429816	G	C
chr5	65445059	T	A
chr5	65955257	G	A
chr5	6632324	-	T
chr5	66520021	C	T
chr5	67012673	C	T
chr5	7069173	G	A
chr5	71047206	C	G
chr5	71412135	A	G
chr5	71754522	G	A
chr5	71886692	A	G
chr5	72576083	G	A
chr5	74657279	T	C
chr5	74710861	C	T
chr5	74888741	A	G
chr5	75604914	A	G
chr5	77122609	T	C
chr5	77181075	G	C
chr5	7790216	C	A
chr5	78045668	C	G
chr5	78204554	-	T
chr5	78310876	G	C
chr5	78788197	T	C
chr5	78843516	G	A
chr5	79249153	A	C
chr5	80606712	T	A
chr5	8071635	G	A
chr5	80968662	G	C
chr5	8151039	G	A
chr5	82196780	G	A
chr5	82342695	T	A
chr5	82568929	A	G
chr5	84086840	T	C
chr5	84403096	T	C
chr5	84476681	T	C
chr5	84874434	T	C
chr5	84888050	C	T
chr5	85220700	G	A
chr5	86211558	T	A
chr5	86752073	C	T
chr5	8679671	G	A
chr5	87825188	C	T
chr5	91513632	T	G
chr5	91874430	C	T
chr5	94292028	G	-
chr5	96704614	T	G
chr5	97208136	A	T
chr5	97440261	G	A
chr5	978767	G	A
chr5	98342983	C	G
chr5	99599098	C	T
chr6	1023676	T	A
chr6	102649557	T	C
chr6	102733567	T	G
chr6	102899368	G	-
chr6	103912802	T	C
chr6	104272777	T	C
chr6	105263743	T	C
chr6	105826956	G	A
chr6	106019069	C	A
chr6	106918119	A	G
chr6	106986329	G	C
chr6	107345540	G	A
chr6	108247115	C	T
chr6	10941912	C	A
chr6	109596167	A	G
chr6	109966617	C	A
chr6	110162532	C	G
chr6	110582931	C	T
chr6	110754408	G	A
chr6	111504654	G	C
chr6	111664517	A	C
chr6	111828024	C	G
chr6	112116450	C	T
chr6	112853433	G	A
chr6	114252100	G	A
chr6	115241221	G	A
chr6	116789431	A	G
chr6	117301912	T	G
chr6	118088656	G	C
chr6	11838587	T	C
chr6	119340144	T	A
chr6	119533009	T	-
chr6	121872224	A	-
chr6	121959044	A	C
chr6	121975612	C	-
chr6	123836288	C	T
chr6	124368066	T	G
chr6	126638696	T	A
chr6	127511522	G	A
chr6	127992522	T	C
chr6	128212510	A	T
chr6	129536500	T	-
chr6	129727438	G	C
chr6	130750774	G	A
chr6	130990353	G	A
chr6	131599185	G	A
chr6	131959952	T	A
chr6	132623068	A	G
chr6	133025939	A	T
chr6	133132581	G	A
chr6	134800917	C	G
chr6	135371223	T	C
chr6	135662371	T	C
chr6	135999323	T	-
chr6	136262399	T	C
chr6	136537924	T	-
chr6	136629087	C	T
chr6	136669149	C	-
chr6	137101725	T	C
chr6	139427799	G	A
chr6	14158381	T	G
chr6	142019645	A	G
chr6	142626863	T	C
chr6	143689330	T	C
chr6	143914075	G	A
chr6	144487137	T	C
chr6	145116958	C	G
chr6	145134849	C	G
chr6	145201077	C	T
chr6	145712393	T	C
chr6	145893602	C	T
chr6	146092046	-	A
chr6	146555780	C	T
chr6	149014028	G	A
chr6	15066944	T	C
chr6	151045558	C	T
chr6	151297109	G	T
chr6	15215928	A	G
chr6	152393366	A	T
chr6	154450955	C	T
chr6	154773659	T	C
chr6	155520058	A	C
chr6	156841050	T	G
chr6	15695978	A	G
chr6	156998653	G	C
chr6	157703934	G	A
chr6	158102393	C	A
chr6	158232013	A	C
chr6	158377214	C	T
chr6	158621537	C	T
chr6	158633590	G	A
chr6	158898973	T	C
chr6	15926974	T	G
chr6	159341970	A	G
chr6	159883980	G	-
chr6	160155407	A	-
chr6	160818262	C	A
chr6	161110689	G	T
chr6	161641753	C	T
chr6	161935679	G	A
chr6	161968410	T	C
chr6	162354927	C	T
chr6	163652072	A	G
chr6	164430825	C	A
chr6	165110717	A	G
chr6	165304299	C	A
chr6	165598608	T	G
chr6	165663049	T	C
chr6	166287016	A	G
chr6	166374107	C	G
chr6	166438889	C	G
chr6	166624199	A	-
chr6	167730924	-	C
chr6	167795106	G	C
chr6	168073303	C	T
chr6	168989005	A	G
chr6	170387802	A	G
chr6	170464654	T	C
chr6	17060422	G	T
chr6	17442637	C	T
chr6	17859872	T	A
chr6	17880888	C	T
chr6	18132781	A	C
chr6	18435133	A	G
chr6	2048583	C	T
chr6	21245104	A	C
chr6	21344715	A	C
chr6	22174545	G	T
chr6	22600644	C	T
chr6	24983347	C	T
chr6	26106603	C	A
chr6	26540165	C	A
chr6	27572233	A	T
chr6	27943046	C	T
chr6	28059019	G	A
chr6	28220849	G	A
chr6	28376022	G	A
chr6	28649303	A	G
chr6	28834141	G	C
chr6	28852424	T	C
chr6	29059302	A	G
chr6	29234509	C	G
chr6	29841914	G	A
chr6	29884592	C	G
chr6	29908414	G	A
chr6	30110042	T	A
chr6	30202428	C	A
chr6	30750625	A	G
chr6	30758856	C	T
chr6	31235199	C	T
chr6	31307306	T	C
chr6	31372403	G	T
chr6	32188382	T	A
chr6	32341515	G	A
chr6	32601277	C	T
chr6	32608971	G	T
chr6	32665596	A	C
chr6	32715033	A	T
chr6	33280308	C	T
chr6	33296602	C	A
chr6	33588984	C	A
chr6	33837479	G	A
chr6	34111449	G	C
chr6	34580798	A	G
chr6	35781956	T	C
chr6	35993892	C	-
chr6	36800610	C	G
chr6	37378037	G	A
chr6	3772168	C	T
chr6	3776268	G	A
chr6	38327227	C	G
chr6	39297154	C	T
chr6	40163003	A	G
chr6	40341955	G	C
chr6	40828110	C	T
chr6	40995336	G	-
chr6	41025117	G	C
chr6	41694366	T	C
chr6	4241798	T	G
chr6	43811761	C	T
chr6	4494841	C	-
chr6	45810760	A	-
chr6	46192300	C	G
chr6	46532134	A	C
chr6	4687477	C	T
chr6	4692758	A	G
chr6	47193713	G	T
chr6	48597449	C	G
chr6	49219478	A	G
chr6	50164618	T	C
chr6	50447966	C	A
chr6	51118908	T	A
chr6	51750196	G	A
chr6	52518173	C	T
chr6	52529713	C	G
chr6	52701556	G	A
chr6	52812715	T	C
chr6	53100113	A	C
chr6	53311462	A	T
chr6	53451808	A	T
chr6	53565682	C	T
chr6	53831762	G	A
chr6	53986502	A	T
chr6	54644161	G	A
chr6	54828968	C	T
chr6	54865905	G	T
chr6	55003012	-	T
chr6	55175940	A	G
chr6	55220093	G	A
chr6	55397601	C	A
chr6	55811365	T	G
chr6	55943811	G	T
chr6	56499188	T	C
chr6	56569103	A	G
chr6	56687580	A	T
chr6	57339701	T	C
chr6	57401053	T	G
chr6	57404944	A	G
chr6	57412931	T	C
chr6	57441741	C	T
chr6	57971959	G	A
chr6	58661931	A	G
chr6	58765968	G	A
chr6	61972678	C	T
chr6	62044735	C	T
chr6	62063824	G	A
chr6	62210316	C	T
chr6	62341565	C	T
chr6	62664813	C	T
chr6	62839103	C	G
chr6	63116885	T	A
chr6	65007707	T	C
chr6	65093936	T	C
chr6	65215601	A	C
chr6	65912393	C	A
chr6	66238319	C	T
chr6	66291551	C	T
chr6	66455119	C	T
chr6	66914829	G	C
chr6	67332021	C	T
chr6	68260288	T	C
chr6	68847324	C	T
chr6	70147792	A	G
chr6	70776077	C	A
chr6	7108268	A	T
chr6	71522317	A	G
chr6	71776970	G	A
chr6	72052863	G	A
chr6	72545388	A	T
chr6	72913834	G	A
chr6	7308981	A	C
chr6	73450590	C	T
chr6	73834785	T	-
chr6	74246243	A	G
chr6	75456768	A	G
chr6	75722503	G	A
chr6	76884849	A	C
chr6	77067968	C	T
chr6	77745593	C	G
chr6	78160470	C	T
chr6	78480238	C	A
chr6	78928022	C	G
chr6	80064299	A	G
chr6	81249262	T	G
chr6	82390103	A	C
chr6	82555288	C	T
chr6	83104362	C	T
chr6	83613434	A	G
chr6	8395039	T	-
chr6	86024811	T	A
chr6	86836122	C	A
chr6	87052310	-	G
chr6	87674265	C	G
chr6	87791290	T	C
chr6	88620401	A	C
chr6	89209873	T	C
chr6	89620967	T	C
chr6	90058668	C	T
chr6	9048360	C	A
chr6	90855552	G	A
chr6	9122260	G	C
chr6	93487198	A	G
chr6	93520256	C	A
chr6	93673550	A	G
chr6	94913624	A	G
chr6	95228009	T	A
chr6	95268587	T	C
chr6	95340288	T	A
chr6	98357065	T	G
chr6	98883187	C	G
chr6	99222431	-	A
chr6	99532844	A	G
chr6_apd_hap1	1136689	A	G
chr6_apd_hap1	1378108	T	A
chr6_apd_hap1	1693962	G	C
chr6_apd_hap1	2351587	T	C
chr6_apd_hap1	3979011	G	T
chr6_apd_hap1	4093950	T	C
chr6_apd_hap1	4325047	G	T
chr6_cox_hap2	1146271	A	T
chr6_cox_hap2	1221012	A	G
chr6_cox_hap2	1854777	A	G
chr6_cox_hap2	2307069	C	A
chr6_cox_hap2	2610138	A	G
chr6_cox_hap2	2687567	G	A
chr6_cox_hap2	2725940	A	G
chr6_cox_hap2	2821783	G	A
chr6_cox_hap2	2846595	A	C
chr6_cox_hap2	2862495	A	C
chr6_cox_hap2	3147353	A	T
chr6_cox_hap2	3596673	G	C
chr6_cox_hap2	3700995	G	T
chr6_cox_hap2	3857110	G	C
chr6_cox_hap2	3928174	A	C
chr6_cox_hap2	3972186	A	G
chr6_cox_hap2	4002326	G	C
chr6_cox_hap2	4038916	A	G
chr6_cox_hap2	4099525	C	T
chr6_cox_hap2	4122654	T	C
chr6_dbb_hap3	1005420	-	T
chr6_dbb_hap3	103117	G	A
chr6_dbb_hap3	1067967	C	T
chr6_dbb_hap3	1176266	G	A
chr6_dbb_hap3	1737894	T	A
chr6_dbb_hap3	2384478	C	T
chr6_dbb_hap3	2733985	C	T
chr6_dbb_hap3	29584	C	A
chr6_dbb_hap3	3502743	T	C
chr6_dbb_hap3	3654215	G	A
chr6_dbb_hap3	3670123	T	A
chr6_dbb_hap3	3675526	A	T
chr6_dbb_hap3	3702488	G	T
chr6_dbb_hap3	4127917	C	A
chr6_dbb_hap3	4257919	C	A
chr6_dbb_hap3	4550070	A	C
chr6_dbb_hap3	975594	C	G
chr6_mann_hap4	1715092	G	C
chr6_mann_hap4	1719406	G	A
chr6_mann_hap4	2336640	C	T
chr6_mann_hap4	2407671	G	A
chr6_mann_hap4	2589407	A	C
chr6_mann_hap4	2604212	G	C
chr6_mann_hap4	2646518	A	G
chr6_mann_hap4	334485	G	A
chr6_mann_hap4	3630714	T	G
chr6_mann_hap4	4087626	G	A
chr6_mann_hap4	4148872	G	A
chr6_mann_hap4	4151005	G	C
chr6_mann_hap4	4490927	A	C
chr6_mann_hap4	694806	G	A
chr6_mann_hap4	906477	A	G
chr6_mcf_hap5	1076387	G	A
chr6_mcf_hap5	1103272	A	T
chr6_mcf_hap5	1345179	C	T
chr6_mcf_hap5	1347995	C	T
chr6_mcf_hap5	2572890	C	T
chr6_mcf_hap5	2610742	C	T
chr6_mcf_hap5	2650888	A	G
chr6_mcf_hap5	3454631	T	C
chr6_mcf_hap5	3865419	G	C
chr6_mcf_hap5	3944249	G	T
chr6_mcf_hap5	3971175	T	A
chr6_mcf_hap5	3973460	T	A
chr6_mcf_hap5	3975769	T	C
chr6_mcf_hap5	4004850	C	A
chr6_mcf_hap5	4015997	T	A
chr6_mcf_hap5	4634642	G	A
chr6_qbl_hap6	1116111	A	G
chr6_qbl_hap6	1164035	A	C
chr6_qbl_hap6	1216245	A	C
chr6_qbl_hap6	1257817	A	G
chr6_qbl_hap6	1391280	C	A
chr6_qbl_hap6	1591969	-	G
chr6_qbl_hap6	2247249	C	T
chr6_qbl_hap6	2454849	T	C
chr6_qbl_hap6	2813454	A	G
chr6_qbl_hap6	2960562	G	A
chr6_qbl_hap6	3686240	A	G
chr6_qbl_hap6	3710663	T	C
chr6_qbl_hap6	3750092	T	C
chr6_qbl_hap6	3836259	G	A
chr6_qbl_hap6	3931889	A	G
chr6_qbl_hap6	4280796	C	T
chr6_qbl_hap6	4368797	T	A
chr6_qbl_hap6	714865	C	T
chr6_qbl_hap6	916048	T	A
chr6_ssto_hap7	1005918	G	A
chr6_ssto_hap7	1147981	A	G
chr6_ssto_hap7	1502233	T	A
chr6_ssto_hap7	2031328	G	C
chr6_ssto_hap7	2620646	G	A
chr6_ssto_hap7	2635662	A	C
chr6_ssto_hap7	2756479	A	-
chr6_ssto_hap7	2783038	T	C
chr6_ssto_hap7	3712698	G	C
chr6_ssto_hap7	3720678	G	T
chr6_ssto_hap7	4150683	G	A
chr6_ssto_hap7	4169163	C	T
chr6_ssto_hap7	4291976	G	A
chr7	100885011	G	A
chr7	101095214	C	T
chr7	102385106	G	A
chr7	103321341	G	T
chr7	104046472	T	C
chr7	104302230	A	C
chr7	104767294	A	G
chr7	105091193	T	C
chr7	10560413	T	C
chr7	105647211	A	G
chr7	105812242	T	C
chr7	106175564	C	T
chr7	106570208	C	A
chr7	107401810	A	G
chr7	107817110	-	A
chr7	108054583	C	T
chr7	10814590	T	C
chr7	108385190	C	T
chr7	108479626	T	C
chr7	108651825	C	T
chr7	109169825	T	C
chr7	109551181	G	T
chr7	109672096	T	G
chr7	111399976	G	A
chr7	111809194	C	T
chr7	112084111	T	C
chr7	112087342	A	C
chr7	112405418	C	G
chr7	113650654	G	T
chr7	11414252	-	T
chr7	115179819	G	C
chr7	115942070	T	A
chr7	116134169	A	G
chr7	116342279	G	A
chr7	117211053	A	C
chr7	11984844	A	-
chr7	120908197	G	A
chr7	121274348	A	G
chr7	122604241	A	C
chr7	123293201	A	G
chr7	123303404	A	G
chr7	123683457	C	T
chr7	123867863	T	C
chr7	124751060	C	A
chr7	12505714	G	C
chr7	125286463	A	T
chr7	125602451	A	G
chr7	125635640	C	T
chr7	125901629	T	-
chr7	127069144	C	T
chr7	129416351	G	A
chr7	129455177	G	A
chr7	129640912	C	T
chr7	130387985	T	C
chr7	130388623	A	C
chr7	130852460	A	C
chr7	131276485	G	A
chr7	131817274	T	C
chr7	1320732	A	G
chr7	132318986	C	T
chr7	134267247	G	A
chr7	135164665	T	C
chr7	135519196	G	A
chr7	135836477	G	A
chr7	135864052	C	T
chr7	136442954	A	G
chr7	136880528	T	C
chr7	137267179	C	A
chr7	137459881	C	T
chr7	138561935	T	C
chr7	139228681	A	T
chr7	141004666	G	A
chr7	141599266	G	A
chr7	141726242	A	G
chr7	141779680	A	C
chr7	142123215	T	A
chr7	14513882	C	T
chr7	145196415	G	A
chr7	145278112	C	A
chr7	14675333	G	A
chr7	146966935	T	C
chr7	147506816	G	A
chr7	147705379	C	T
chr7	148110248	C	T
chr7	14830684	T	C
chr7	149411691	G	A
chr7	149578968	C	A
chr7	150211724	A	T
chr7	150300612	T	A
chr7	150870575	C	T
chr7	150966387	G	A
chr7	151129340	G	A
chr7	152695302	G	A
chr7	152734735	G	A
chr7	152782899	C	T
chr7	153012549	G	A
chr7	153195934	G	A
chr7	153371349	G	T
chr7	153633204	T	C
chr7	153634285	T	C
chr7	154757170	C	A
chr7	154885236	A	G
chr7	155777389	G	A
chr7	156320289	A	T
chr7	15632200	G	C
chr7	156420757	C	T
chr7	157071199	T	C
chr7	157101355	T	C
chr7	158766261	C	A
chr7	158864961	C	T
chr7	158894877	A	G
chr7	16801160	A	T
chr7	17214740	C	T
chr7	17825280	T	G
chr7	1816200	G	A
chr7	18222822	G	A
chr7	18564561	G	A
chr7	18978610	G	T
chr7	19340929	T	C
chr7	19863169	G	A
chr7	20261632	C	T
chr7	20643759	T	C
chr7	20798021	G	A
chr7	21161111	C	T
chr7	21577010	A	G
chr7	21730107	C	G
chr7	21867855	C	T
chr7	2231973	C	A
chr7	23468450	A	G
chr7	23655373	T	G
chr7	24357405	G	-
chr7	24634887	T	A
chr7	24651039	A	G
chr7	24875897	C	T
chr7	25025026	G	A
chr7	25309771	A	G
chr7	25526886	A	G
chr7	25643690	G	C
chr7	2663178	T	C
chr7	27723063	C	A
chr7	27812193	G	C
chr7	27896991	G	A
chr7	29126045	T	A
chr7	29588120	C	T
chr7	29790255	C	A
chr7	29971219	A	G
chr7	30002607	C	T
chr7	30554141	C	T
chr7	30938712	A	G
chr7	31037253	G	A
chr7	32530996	G	A
chr7	32691103	T	C
chr7	34215691	T	A
chr7	34286614	C	A
chr7	34818944	T	C
chr7	34913314	C	T
chr7	35140157	G	T
chr7	35551634	G	A
chr7	35725917	G	C
chr7	36296982	C	T
chr7	36969907	A	T
chr7	37136019	T	C
chr7	37548911	T	A
chr7	37722748	A	C
chr7	37884394	T	A
chr7	38434411	C	T
chr7	38672758	C	T
chr7	38765882	C	A
chr7	38801025	C	G
chr7	39394936	G	A
chr7	39795651	A	G
chr7	39864288	C	A
chr7	40383415	T	C
chr7	4047914	A	T
chr7	40996343	A	G
chr7	4181163	T	C
chr7	42167595	C	T
chr7	42860757	T	C
chr7	43316343	C	T
chr7	44217575	T	C
chr7	44697782	C	A
chr7	44709371	T	A
chr7	45245621	T	C
chr7	45945124	T	C
chr7	47171055	G	T
chr7	47610811	C	A
chr7	48579120	A	G
chr7	48728110	A	C
chr7	49048025	A	G
chr7	4936954	A	G
chr7	5005412	C	T
chr7	51294256	A	G
chr7	52846228	G	A
chr7	52849678	A	G
chr7	54242392	C	T
chr7	56810410	C	T
chr7	57406885	C	T
chr7	57481103	C	A
chr7	5759015	A	G
chr7	57699059	T	A
chr7	5807707	C	T
chr7	61522234	C	T
chr7	61793278	C	T
chr7	6207349	T	C
chr7	62435092	G	T
chr7	62453777	C	G
chr7	63210495	G	A
chr7	64489844	C	T
chr7	65397647	A	G
chr7	66462666	G	A
chr7	66664766	A	C
chr7	66755040	A	G
chr7	66816551	C	G
chr7	6768749	G	A
chr7	67795864	C	T
chr7	68027394	T	-
chr7	68033856	G	A
chr7	68319021	C	T
chr7	68480266	A	G
chr7	69400654	G	-
chr7	70332811	T	C
chr7	70383152	C	A
chr7	70623761	C	T
chr7	70760289	T	G
chr7	7117651	T	C
chr7	71358781	T	C
chr7	7139812	G	C
chr7	72818769	G	C
chr7	73096536	C	A
chr7	73692818	G	A
chr7	74059869	C	T
chr7	75430603	G	A
chr7	78924029	T	G
chr7	79617170	G	A
chr7	8193193	C	T
chr7	82178166	G	T
chr7	83062584	A	G
chr7	83273480	A	G
chr7	83680652	C	T
chr7	83729744	A	T
chr7	83733920	A	C
chr7	83909694	C	A
chr7	85098885	G	-
chr7	85262210	C	T
chr7	8641245	T	C
chr7	87700609	T	G
chr7	89024491	C	A
chr7	89117254	G	T
chr7	89196725	G	A
chr7	8959221	A	T
chr7	91174777	A	T
chr7	91228113	C	A
chr7	92418787	C	T
chr7	93756946	C	A
chr7	95243742	C	A
chr7	95886090	C	T
chr7	97109543	A	G
chr7	9815251	A	C
chr7	98438575	G	A
chr7	9863451	A	T
chr7	99031973	T	C
chr8	100023815	A	G
chr8	10212968	A	G
chr8	102388106	G	A
chr8	103639932	C	T
chr8	105126740	C	T
chr8	105434442	A	G
chr8	105621413	A	C
chr8	105624887	G	A
chr8	105889755	G	A
chr8	10677554	G	A
chr8	107322557	G	A
chr8	107924573	A	G
chr8	108043527	A	C
chr8	108413336	G	A
chr8	108912121	G	A
chr8	110626188	T	A
chr8	111184916	C	T
chr8	111687070	A	G
chr8	112312900	A	T
chr8	112478702	A	C
chr8	112697200	T	C
chr8	112781156	G	A
chr8	112983735	G	A
chr8	114154358	A	G
chr8	114524491	C	T
chr8	114740161	C	T
chr8	115900597	C	T
chr8	115936976	A	T
chr8	116089857	G	C
chr8	116292636	A	G
chr8	11766170	C	T
chr8	117766905	T	-
chr8	118533925	G	T
chr8	118721836	T	C
chr8	11872790	C	T
chr8	11875743	C	T
chr8	119093756	G	A
chr8	120321813	C	A
chr8	120884920	T	C
chr8	122127713	A	C
chr8	122256451	C	T
chr8	123373695	C	T
chr8	123731541	T	C
chr8	123914791	C	G
chr8	123985707	A	G
chr8	124407845	C	A
chr8	124569680	G	A
chr8	126821930	C	T
chr8	127156316	C	T
chr8	127546138	C	T
chr8	128111166	T	C
chr8	128318099	A	G
chr8	128506456	A	C
chr8	128776978	G	T
chr8	129106307	T	C
chr8	129135927	G	A
chr8	129216035	C	T
chr8	12948582	T	C
chr8	130026180	T	A
chr8	132040172	G	A
chr8	132897378	C	T
chr8	133125696	A	T
chr8	134330918	G	T
chr8	135159709	C	T
chr8	13516148	T	A
chr8	135474371	G	T
chr8	136744093	C	T
chr8	137945775	A	G
chr8	13831716	C	G
chr8	138936824	C	G
chr8	139754368	A	G
chr8	140067375	C	A
chr8	140669744	G	A
chr8	140754525	C	T
chr8	140989112	G	T
chr8	141125166	T	C
chr8	141669818	T	-
chr8	142016908	A	G
chr8	142444899	T	C
chr8	142573129	A	G
chr8	14290577	G	T
chr8	14301290	C	A
chr8	143144263	C	T
chr8	143709694	T	C
chr8	143769560	-	T
chr8	14468481	T	C
chr8	144776980	C	G
chr8	145124612	C	A
chr8	14520237	A	C
chr8	145509127	T	C
chr8	146185293	G	C
chr8	15062170	T	G
chr8	15660366	C	T
chr8	15962704	C	A
chr8	16160931	T	C
chr8	1626294	G	A
chr8	16451090	C	A
chr8	16456760	G	T
chr8	16493059	C	A
chr8	1685269	C	T
chr8	17148508	G	A
chr8	17283575	G	A
chr8	17426453	C	T
chr8	17498941	C	T
chr8	17693227	C	G
chr8	17848555	T	-
chr8	18615771	C	G
chr8	19129187	G	C
chr8	19192534	C	T
chr8	19493176	G	A
chr8	20640404	A	T
chr8	21584976	C	T
chr8	21933525	C	T
chr8	227842	A	G
chr8	23053043	A	-
chr8	2317549	A	C
chr8	23781686	G	C
chr8	24703913	G	A
chr8	25234419	T	C
chr8	25508774	-	T
chr8	25932201	T	C
chr8	26824503	G	A
chr8	27527392	C	T
chr8	2760177	G	A
chr8	28927804	T	G
chr8	29287016	G	C
chr8	294221	T	C
chr8	29560561	A	C
chr8	29698365	T	A
chr8	29914848	-	C
chr8	30504324	C	T
chr8	3069547	C	T
chr8	30960207	G	A
chr8	31412832	T	C
chr8	31448583	T	C
chr8	315842	C	T
chr8	31774636	A	G
chr8	32215789	G	A
chr8	32332943	G	A
chr8	32783506	A	G
chr8	32999571	G	C
chr8	33080352	T	G
chr8	3356531	A	T
chr8	3448670	C	A
chr8	34896595	G	A
chr8	35575617	-	T
chr8	36139856	C	A
chr8	36612387	G	T
chr8	3676901	T	A
chr8	36810455	G	C
chr8	37333831	T	C
chr8	3739973	G	A
chr8	37686158	T	-
chr8	38441057	C	T
chr8	39340664	C	T
chr8	3980046	G	A
chr8	39921852	T	A
chr8	3994073	G	C
chr8	4237371	G	A
chr8	43314922	C	T
chr8	4803631	G	T
chr8	49781310	G	A
chr8	51087734	G	A
chr8	51455275	C	T
chr8	5148268	C	A
chr8	51674162	A	T
chr8	51768316	G	A
chr8	52766521	A	G
chr8	53470312	A	C
chr8	53872839	G	T
chr8	5395713	A	G
chr8	54097645	T	C
chr8	54387052	G	A
chr8	55022169	A	C
chr8	55172886	A	G
chr8	56232499	G	T
chr8	56868677	G	-
chr8	57915168	G	A
chr8	57952904	A	G
chr8	58242052	T	-
chr8	58332364	C	T
chr8	58396081	T	C
chr8	58491736	G	A
chr8	59781715	G	A
chr8	61589595	G	A
chr8	6199195	C	G
chr8	62466160	T	-
chr8	62558190	T	A
chr8	64033550	A	C
chr8	64688279	T	G
chr8	67962236	T	-
chr8	68245277	-	T
chr8	68295958	C	A
chr8	68381515	G	A
chr8	68517055	G	A
chr8	68824990	G	A
chr8	69328736	A	G
chr8	69397143	T	C
chr8	69686982	T	A
chr8	69718781	A	-
chr8	70063049	C	T
chr8	70503818	G	A
chr8	71833312	C	G
chr8	72311453	A	G
chr8	72708320	G	A
chr8	73102763	G	A
chr8	73231563	G	A
chr8	73340880	A	G
chr8	73702895	T	C
chr8	74227949	C	T
chr8	74560416	T	A
chr8	75164009	C	T
chr8	75171486	C	T
chr8	75257476	-	A
chr8	75916685	A	G
chr8	77214163	T	C
chr8	78270780	T	C
chr8	78485034	A	G
chr8	78542183	C	A
chr8	80958747	T	C
chr8	81242701	G	A
chr8	81261034	C	T
chr8	82671149	C	T
chr8	82894305	G	A
chr8	83003671	C	T
chr8	83935673	A	G
chr8	84586246	-	A
chr8	84682522	A	T
chr8	85851194	T	C
chr8	8637428	G	A
chr8	90712420	T	C
chr8	91134063	G	A
chr8	9188851	T	C
chr8	9248628	A	T
chr8	92786473	C	T
chr8	93568942	G	T
chr8	94938447	T	A
chr8	94958094	C	T
chr8	9505920	T	G
chr8	95703159	T	C
chr8	98579722	A	-
chr8	98662966	A	G
chr8	98833761	C	T
chr8	99029198	T	C
chr9	10010360	G	-
chr9	100401572	C	A
chr9	103462853	G	A
chr9	103667391	-	C
chr9	104683829	A	G
chr9	105291569	G	A
chr9	105432042	A	C
chr9	105904045	G	A
chr9	106426495	T	-
chr9	10743870	A	T
chr9	10757528	G	A
chr9	108020283	G	C
chr9	111127504	C	T
chr9	111269398	A	-
chr9	111364896	A	G
chr9	112168518	G	A
chr9	112642050	G	A
chr9	112824490	A	G
chr9	113663520	G	A
chr9	113811882	-	A
chr9	114407535	T	-
chr9	115019228	A	G
chr9	115193165	G	C
chr9	115327392	G	T
chr9	116418880	T	C
chr9	117339876	C	T
chr9	117467552	G	A
chr9	117966892	A	G
chr9	11864626	T	A
chr9	119827078	A	-
chr9	120532741	T	C
chr9	120651145	A	G
chr9	120657947	A	C
chr9	121388236	G	A
chr9	121520014	C	G
chr9	122105160	C	T
chr9	122652521	T	G
chr9	12365417	C	A
chr9	124560635	C	T
chr9	124873392	G	A
chr9	125624519	G	C
chr9	12627256	C	T
chr9	127006953	T	C
chr9	127908305	T	G
chr9	128519368	A	G
chr9	128630127	T	C
chr9	12864912	C	T
chr9	12893270	T	C
chr9	12909768	G	C
chr9	129307429	T	-
chr9	129740282	A	G
chr9	130370423	C	T
chr9	131181561	G	T
chr9	132298124	A	G
chr9	133044614	G	A
chr9	134117091	T	C
chr9	134599977	G	T
chr9	137331109	A	G
chr9	137334750	T	C
chr9	138302766	A	G
chr9	138975570	C	T
chr9	139491980	C	A
chr9	14836514	G	A
chr9	15364684	A	G
chr9	15545736	G	A
chr9	15703067	A	T
chr9	15759601	C	G
chr9	16654767	G	C
chr9	16952083	G	T
chr9	179327	T	C
chr9	17957847	C	G
chr9	18182294	A	G
chr9	18195232	T	G
chr9	18511073	A	G
chr9	21486753	A	C
chr9	21808351	G	A
chr9	22433177	G	A
chr9	22925638	T	C
chr9	23355663	C	G
chr9	23832175	C	T
chr9	23970636	-	T
chr9	2438461	A	G
chr9	24680269	C	A
chr9	24830271	A	G
chr9	25276678	A	C
chr9	25647025	C	T
chr9	26588155	G	A
chr9	26769388	T	C
chr9	27098489	C	A
chr9	27551039	C	T
chr9	27586161	A	G
chr9	27969679	A	C
chr9	29626165	T	C
chr9	30415442	T	C
chr9	30703287	C	T
chr9	3108683	T	C
chr9	3378376	A	C
chr9	34450939	A	G
chr9	35526800	T	C
chr9	3614081	T	C
chr9	36683789	T	A
chr9	36824735	C	G
chr9	37422521	A	C
chr9	3835148	A	G
chr9	4133428	C	G
chr9	4478605	-	A
chr9	4678811	A	-
chr9	4785163	G	A
chr9	4840379	A	G
chr9	5094266	C	T
chr9	5279375	T	C
chr9	572131	T	C
chr9	6602820	T	C
chr9	6611859	C	A
chr9	68197020	C	T
chr9	71551439	T	C
chr9	72321657	A	T
chr9	73467903	G	T
chr9	74163364	T	G
chr9	74693442	G	A
chr9	747334	A	T
chr9	75326848	G	A
chr9	75836722	G	A
chr9	76669655	A	C
chr9	77042059	A	G
chr9	77606909	A	G
chr9	776634	A	C
chr9	78961557	A	G
chr9	79316965	A	C
chr9	79346211	A	C
chr9	79612166	C	T
chr9	80061882	T	-
chr9	80950601	T	C
chr9	81119845	A	G
chr9	82576067	G	A
chr9	82948708	T	C
chr9	82962943	T	A
chr9	8361135	A	T
chr9	83802109	G	C
chr9	85070954	T	C
chr9	85346580	C	T
chr9	85469361	G	T
chr9	86020446	C	T
chr9	862891	C	G
chr9	86712854	C	A
chr9	87142364	C	T
chr9	87474396	A	G
chr9	88305723	T	G
chr9	88671528	C	T
chr9	90546072	T	A
chr9	90669896	G	C
chr9	90820012	A	C
chr9	90896243	G	A
chr9	91936800	A	G
chr9	92228558	T	G
chr9	92876941	G	A
chr9	93943032	T	C
chr9	94134698	A	G
chr9	94640620	G	A
chr9	94692416	G	A
chr9	9477434	T	G
chr9	94924792	G	T
chr9	9498611	G	A
chr9	95688507	A	-
chr9	95807776	C	A
chr9	95882225	A	G
chr9	96059000	C	G
chr9	96079369	A	G
chr9	96231240	C	T
chr9	96919037	C	G
chr9	98290987	G	T
chr9	98878451	G	A
chrX	100041537	C	A
chrX	100590356	C	T
chrX	10095231	G	A
chrX	102464870	G	A
chrX	104495471	G	A
chrX	104548286	C	G
chrX	104677648	T	C
chrX	104701670	A	T
chrX	105205735	G	A
chrX	106906213	G	A
chrX	107601981	-	T
chrX	10851064	T	C
chrX	110989632	T	G
chrX	111173624	T	C
chrX	111444757	T	C
chrX	111836500	A	G
chrX	112492530	G	T
chrX	112778090	G	A
chrX	113199528	-	T
chrX	113940972	T	G
chrX	113941872	C	T
chrX	114570197	G	C
chrX	114940411	T	C
chrX	114983430	G	T
chrX	116768911	G	A
chrX	118202835	G	A
chrX	123678293	G	A
chrX	126155837	T	C
chrX	126410142	G	A
chrX	126763287	C	T
chrX	128024636	C	T
chrX	12916269	C	T
chrX	12966323	G	A
chrX	129680986	C	A
chrX	130432492	A	T
chrX	133063511	T	G
chrX	133251902	G	A
chrX	135154712	-	G
chrX	1355678	T	A
chrX	13567204	A	T
chrX	1368021	C	A
chrX	138141903	A	C
chrX	138351504	C	T
chrX	138467560	A	-
chrX	138827375	A	G
chrX	139157635	A	C
chrX	139642509	A	T
chrX	140359509	T	A
chrX	141606730	T	C
chrX	141882441	C	T
chrX	143685460	G	C
chrX	144075173	C	T
chrX	144117228	C	G
chrX	144481920	G	A
chrX	145128070	G	A
chrX	145310237	C	A
chrX	145333637	A	G
chrX	145444542	T	A
chrX	145920700	T	G
chrX	145955416	G	A
chrX	14884958	C	T
chrX	150778058	C	T
chrX	151036762	C	A
chrX	152177877	T	C
chrX	152599861	G	A
chrX	153174865	G	T
chrX	153679608	A	G
chrX	155015600	G	C
chrX	155089611	A	T
chrX	16064854	A	G
chrX	1657763	C	T
chrX	20116677	G	T
chrX	22062808	C	T
chrX	22070777	T	C
chrX	22734084	T	C
chrX	23940025	G	A
chrX	24807622	A	G
chrX	25567012	G	A
chrX	25598852	A	G
chrX	2641251	C	T
chrX	26428323	T	A
chrX	26950674	T	C
chrX	27061540	T	A
chrX	28425291	A	T
chrX	2937142	T	C
chrX	29435106	C	A
chrX	30397930	G	A
chrX	30587087	A	-
chrX	31332293	C	T
chrX	31608892	T	C
chrX	31930577	C	G
chrX	3296466	A	T
chrX	33612157	T	C
chrX	35266818	C	T
chrX	35412390	A	G
chrX	3695023	C	T
chrX	394094	C	T
chrX	39883397	A	G
chrX	42211469	T	-
chrX	4305526	A	-
chrX	43724302	C	T
chrX	44005231	G	A
chrX	46217674	C	T
chrX	4628844	C	G
chrX	46299586	C	T
chrX	47929252	G	T
chrX	53490566	A	T
chrX	54860986	G	A
chrX	5640779	A	T
chrX	57839378	C	T
chrX	6238231	T	C
chrX	63652014	G	A
chrX	65257839	A	G
chrX	65692619	T	A
chrX	66291977	C	T
chrX	6706343	G	A
chrX	67479092	G	C
chrX	6771243	T	A
chrX	67760924	A	T
chrX	68025103	T	C
chrX	68653001	C	G
chrX	69579740	G	C
chrX	69808103	G	A
chrX	73322802	A	G
chrX	73660898	-	T
chrX	75557945	G	A
chrX	75641694	C	T
chrX	76247660	G	T
chrX	76380406	G	C
chrX	77465353	T	C
chrX	79795301	A	G
chrX	80436279	T	C
chrX	80702017	C	T
chrX	80753263	A	C
chrX	81235930	A	T
chrX	8190380	G	C
chrX	83877650	C	T
chrX	85367486	-	T
chrX	86312771	C	T
chrX	87861994	T	C
chrX	8793731	A	G
chrX	88415214	T	A
chrX	88538168	A	-
chrX	88823368	G	A
chrX	89538725	C	A
chrX	90243660	A	T
chrX	90468016	A	-
chrX	90595113	G	C
chrX	91338936	A	G
chrX	91465781	C	T
chrX	91506623	G	C
chrX	94048378	A	C
chrX	94316889	G	-
chrX	95090914	C	T
chrX	95845154	T	C
chrX	96091334	T	-
chrX	97826043	C	T
chrX	98131617	T	G
chrX	99197287	T	C
chrX	997468	A	G
chrX	99760546	T	C
chrY	1562819	C	G
chrY	16843773	-	A
chrY	21067902	C	T
chrY	484582	A	G
chrY	5950883	G	A
chrY	7830067	T	C
chrY	787842	A	G
chrY	7947186	T	G
chrY	888801	A	G
